current_sample_name	run	fastq
LEC013	001_20220412_FAME3	results/ont-guppy_6.4.6/001_20220412_FAME3/dna_r9.4.1_450bps_sup/fastq/LEC013.fastq.gz
LEC015	001_20220412_FAME3	results/ont-guppy_6.4.6/001_20220412_FAME3/dna_r9.4.1_450bps_sup/fastq/LEC015.fastq.gz
LEC019	001_20220412_FAME3	results/ont-guppy_6.4.6/001_20220412_FAME3/dna_r9.4.1_450bps_sup/fastq/LEC019.fastq.gz
LEC022	001_20220412_FAME3	results/ont-guppy_6.4.6/001_20220412_FAME3/dna_r9.4.1_450bps_sup/fastq/LEC022.fastq.gz
LEC035	001_20220412_FAME3	results/ont-guppy_6.4.6/001_20220412_FAME3/dna_r9.4.1_450bps_sup/fastq/LEC035.fastq.gz
LEC040	001_20220412_FAME3	results/ont-guppy_6.4.6/001_20220412_FAME3/dna_r9.4.1_450bps_sup/fastq/LEC040.fastq.gz
LEC043	001_20220412_FAME3	results/ont-guppy_6.4.6/001_20220412_FAME3/dna_r9.4.1_450bps_sup/fastq/LEC043.fastq.gz
LEC043_F1-R1	001_20220412_FAME3	results/ont-guppy_6.4.6/001_20220412_FAME3/dna_r9.4.1_450bps_sup/fastq/LEC043_F1-R1.fastq.gz
LEC046	001_20220412_FAME3	results/ont-guppy_6.4.6/001_20220412_FAME3/dna_r9.4.1_450bps_sup/fastq/LEC046.fastq.gz
LEC048	001_20220412_FAME3	results/ont-guppy_6.4.6/001_20220412_FAME3/dna_r9.4.1_450bps_sup/fastq/LEC048.fastq.gz
M00_234	001_20220412_FAME3	results/ont-guppy_6.4.6/001_20220412_FAME3/dna_r9.4.1_450bps_sup/fastq/M00_234.fastq.gz
PAY002	001_20220412_FAME3	results/ont-guppy_6.4.6/001_20220412_FAME3/dna_r9.4.1_450bps_sup/fastq/PAY002.fastq.gz
PAY004	001_20220412_FAME3	results/ont-guppy_6.4.6/001_20220412_FAME3/dna_r9.4.1_450bps_sup/fastq/PAY004.fastq.gz
PAY005	001_20220412_FAME3	results/ont-guppy_6.4.6/001_20220412_FAME3/dna_r9.4.1_450bps_sup/fastq/PAY005.fastq.gz
PAY005_F1-R1	001_20220412_FAME3	results/ont-guppy_6.4.6/001_20220412_FAME3/dna_r9.4.1_450bps_sup/fastq/PAY005_F1-R1.fastq.gz
PAY011	001_20220412_FAME3	results/ont-guppy_6.4.6/001_20220412_FAME3/dna_r9.4.1_450bps_sup/fastq/PAY011.fastq.gz
PAY013	001_20220412_FAME3	results/ont-guppy_6.4.6/001_20220412_FAME3/dna_r9.4.1_450bps_sup/fastq/PAY013.fastq.gz
PAY015	001_20220412_FAME3	results/ont-guppy_6.4.6/001_20220412_FAME3/dna_r9.4.1_450bps_sup/fastq/PAY015.fastq.gz
PAY016	001_20220412_FAME3	results/ont-guppy_6.4.6/001_20220412_FAME3/dna_r9.4.1_450bps_sup/fastq/PAY016.fastq.gz
PAY017	001_20220412_FAME3	results/ont-guppy_6.4.6/001_20220412_FAME3/dna_r9.4.1_450bps_sup/fastq/PAY017.fastq.gz
PAY023	001_20220412_FAME3	results/ont-guppy_6.4.6/001_20220412_FAME3/dna_r9.4.1_450bps_sup/fastq/PAY023.fastq.gz
PAY031	001_20220412_FAME3	results/ont-guppy_6.4.6/001_20220412_FAME3/dna_r9.4.1_450bps_sup/fastq/PAY031.fastq.gz
PAY039	001_20220412_FAME3	results/ont-guppy_6.4.6/001_20220412_FAME3/dna_r9.4.1_450bps_sup/fastq/PAY039.fastq.gz
PAY100	001_20220412_FAME3	results/ont-guppy_6.4.6/001_20220412_FAME3/dna_r9.4.1_450bps_sup/fastq/PAY100.fastq.gz
Pad213_17	001_20220412_FAME3	results/ont-guppy_6.4.6/001_20220412_FAME3/dna_r9.4.1_450bps_sup/fastq/Pad213_17.fastq.gz
VA33_211	001_20220412_FAME3	results/ont-guppy_6.4.6/001_20220412_FAME3/dna_r9.4.1_450bps_sup/fastq/VA33_211.fastq.gz
VA33_211_F1-R1	001_20220412_FAME3	results/ont-guppy_6.4.6/001_20220412_FAME3/dna_r9.4.1_450bps_sup/fastq/VA33_211_F1-R1.fastq.gz
VA33_213	001_20220412_FAME3	results/ont-guppy_6.4.6/001_20220412_FAME3/dna_r9.4.1_450bps_sup/fastq/VA33_213.fastq.gz
VA33_228	001_20220412_FAME3	results/ont-guppy_6.4.6/001_20220412_FAME3/dna_r9.4.1_450bps_sup/fastq/VA33_228.fastq.gz
VA33_235	001_20220412_FAME3	results/ont-guppy_6.4.6/001_20220412_FAME3/dna_r9.4.1_450bps_sup/fastq/VA33_235.fastq.gz
DAB1_B_80006	004_20221019_FAME3_DAB1_FGF14_SCA8	results/ont-guppy_6.4.6/004_20221019_FAME3_DAB1_FGF14_SCA8/dna_r9.4.1_450bps_sup/fastq/DAB1_B_80006.fastq.gz
DAB1_B_80330	004_20221019_FAME3_DAB1_FGF14_SCA8	results/ont-guppy_6.4.6/004_20221019_FAME3_DAB1_FGF14_SCA8/dna_r9.4.1_450bps_sup/fastq/DAB1_B_80330.fastq.gz
DAB1_B_80331	004_20221019_FAME3_DAB1_FGF14_SCA8	results/ont-guppy_6.4.6/004_20221019_FAME3_DAB1_FGF14_SCA8/dna_r9.4.1_450bps_sup/fastq/DAB1_B_80331.fastq.gz
DAB1_B_80332	004_20221019_FAME3_DAB1_FGF14_SCA8	results/ont-guppy_6.4.6/004_20221019_FAME3_DAB1_FGF14_SCA8/dna_r9.4.1_450bps_sup/fastq/DAB1_B_80332.fastq.gz
DAB1_B_81206	004_20221019_FAME3_DAB1_FGF14_SCA8	results/ont-guppy_6.4.6/004_20221019_FAME3_DAB1_FGF14_SCA8/dna_r9.4.1_450bps_sup/fastq/DAB1_B_81206.fastq.gz
DAB1_B_81378	004_20221019_FAME3_DAB1_FGF14_SCA8	results/ont-guppy_6.4.6/004_20221019_FAME3_DAB1_FGF14_SCA8/dna_r9.4.1_450bps_sup/fastq/DAB1_B_81378.fastq.gz
DAB1_B_81532	004_20221019_FAME3_DAB1_FGF14_SCA8	results/ont-guppy_6.4.6/004_20221019_FAME3_DAB1_FGF14_SCA8/dna_r9.4.1_450bps_sup/fastq/DAB1_B_81532.fastq.gz
DAB1_B_83067	004_20221019_FAME3_DAB1_FGF14_SCA8	results/ont-guppy_6.4.6/004_20221019_FAME3_DAB1_FGF14_SCA8/dna_r9.4.1_450bps_sup/fastq/DAB1_B_83067.fastq.gz
DAB1_B_83220	004_20221019_FAME3_DAB1_FGF14_SCA8	results/ont-guppy_6.4.6/004_20221019_FAME3_DAB1_FGF14_SCA8/dna_r9.4.1_450bps_sup/fastq/DAB1_B_83220.fastq.gz
DAB1_B_83825	004_20221019_FAME3_DAB1_FGF14_SCA8	results/ont-guppy_6.4.6/004_20221019_FAME3_DAB1_FGF14_SCA8/dna_r9.4.1_450bps_sup/fastq/DAB1_B_83825.fastq.gz
DAB1_B_87964	004_20221019_FAME3_DAB1_FGF14_SCA8	results/ont-guppy_6.4.6/004_20221019_FAME3_DAB1_FGF14_SCA8/dna_r9.4.1_450bps_sup/fastq/DAB1_B_87964.fastq.gz
DAB1_B_91757	004_20221019_FAME3_DAB1_FGF14_SCA8	results/ont-guppy_6.4.6/004_20221019_FAME3_DAB1_FGF14_SCA8/dna_r9.4.1_450bps_sup/fastq/DAB1_B_91757.fastq.gz
DAB1_B_91758	004_20221019_FAME3_DAB1_FGF14_SCA8	results/ont-guppy_6.4.6/004_20221019_FAME3_DAB1_FGF14_SCA8/dna_r9.4.1_450bps_sup/fastq/DAB1_B_91758.fastq.gz
FGF14_CD_79607	004_20221019_FAME3_DAB1_FGF14_SCA8	results/ont-guppy_6.4.6/004_20221019_FAME3_DAB1_FGF14_SCA8/dna_r9.4.1_450bps_sup/fastq/FGF14_CD_79607.fastq.gz
FGF14_CD_80332	004_20221019_FAME3_DAB1_FGF14_SCA8	results/ont-guppy_6.4.6/004_20221019_FAME3_DAB1_FGF14_SCA8/dna_r9.4.1_450bps_sup/fastq/FGF14_CD_80332.fastq.gz
FGF14_CD_81356	004_20221019_FAME3_DAB1_FGF14_SCA8	results/ont-guppy_6.4.6/004_20221019_FAME3_DAB1_FGF14_SCA8/dna_r9.4.1_450bps_sup/fastq/FGF14_CD_81356.fastq.gz
FGF14_CD_83825	004_20221019_FAME3_DAB1_FGF14_SCA8	results/ont-guppy_6.4.6/004_20221019_FAME3_DAB1_FGF14_SCA8/dna_r9.4.1_450bps_sup/fastq/FGF14_CD_83825.fastq.gz
FGF14_CD_90982	004_20221019_FAME3_DAB1_FGF14_SCA8	results/ont-guppy_6.4.6/004_20221019_FAME3_DAB1_FGF14_SCA8/dna_r9.4.1_450bps_sup/fastq/FGF14_CD_90982.fastq.gz
FGF14_CD_91143	004_20221019_FAME3_DAB1_FGF14_SCA8	results/ont-guppy_6.4.6/004_20221019_FAME3_DAB1_FGF14_SCA8/dna_r9.4.1_450bps_sup/fastq/FGF14_CD_91143.fastq.gz
FGF14_CD_91231	004_20221019_FAME3_DAB1_FGF14_SCA8	results/ont-guppy_6.4.6/004_20221019_FAME3_DAB1_FGF14_SCA8/dna_r9.4.1_450bps_sup/fastq/FGF14_CD_91231.fastq.gz
GFG14_Paul_79607	004_20221019_FAME3_DAB1_FGF14_SCA8	results/ont-guppy_6.4.6/004_20221019_FAME3_DAB1_FGF14_SCA8/dna_r9.4.1_450bps_sup/fastq/GFG14_Paul_79607.fastq.gz
LEC_013_B_74972	004_20221019_FAME3_DAB1_FGF14_SCA8	results/ont-guppy_6.4.6/004_20221019_FAME3_DAB1_FGF14_SCA8/dna_r9.4.1_450bps_sup/fastq/LEC_013_B_74972.fastq.gz
LEC_013_B_77578	004_20221019_FAME3_DAB1_FGF14_SCA8	results/ont-guppy_6.4.6/004_20221019_FAME3_DAB1_FGF14_SCA8/dna_r9.4.1_450bps_sup/fastq/LEC_013_B_77578.fastq.gz
LEC_015_B_74979	004_20221019_FAME3_DAB1_FGF14_SCA8	results/ont-guppy_6.4.6/004_20221019_FAME3_DAB1_FGF14_SCA8/dna_r9.4.1_450bps_sup/fastq/LEC_015_B_74979.fastq.gz
LEC_015_B_77579	004_20221019_FAME3_DAB1_FGF14_SCA8	results/ont-guppy_6.4.6/004_20221019_FAME3_DAB1_FGF14_SCA8/dna_r9.4.1_450bps_sup/fastq/LEC_015_B_77579.fastq.gz
LEC_019_B_74957	004_20221019_FAME3_DAB1_FGF14_SCA8	results/ont-guppy_6.4.6/004_20221019_FAME3_DAB1_FGF14_SCA8/dna_r9.4.1_450bps_sup/fastq/LEC_019_B_74957.fastq.gz
LEC_019_B_77571	004_20221019_FAME3_DAB1_FGF14_SCA8	results/ont-guppy_6.4.6/004_20221019_FAME3_DAB1_FGF14_SCA8/dna_r9.4.1_450bps_sup/fastq/LEC_019_B_77571.fastq.gz
LEC_022_B_74959	004_20221019_FAME3_DAB1_FGF14_SCA8	results/ont-guppy_6.4.6/004_20221019_FAME3_DAB1_FGF14_SCA8/dna_r9.4.1_450bps_sup/fastq/LEC_022_B_74959.fastq.gz
LEC_022_B_77567	004_20221019_FAME3_DAB1_FGF14_SCA8	results/ont-guppy_6.4.6/004_20221019_FAME3_DAB1_FGF14_SCA8/dna_r9.4.1_450bps_sup/fastq/LEC_022_B_77567.fastq.gz
LEC_022_F_88611_P5	004_20221019_FAME3_DAB1_FGF14_SCA8	results/ont-guppy_6.4.6/004_20221019_FAME3_DAB1_FGF14_SCA8/dna_r9.4.1_450bps_sup/fastq/LEC_022_F_88611_P5.fastq.gz
LEC_022_F_88612_P2	004_20221019_FAME3_DAB1_FGF14_SCA8	results/ont-guppy_6.4.6/004_20221019_FAME3_DAB1_FGF14_SCA8/dna_r9.4.1_450bps_sup/fastq/LEC_022_F_88612_P2.fastq.gz
LEC_035_B_74980	004_20221019_FAME3_DAB1_FGF14_SCA8	results/ont-guppy_6.4.6/004_20221019_FAME3_DAB1_FGF14_SCA8/dna_r9.4.1_450bps_sup/fastq/LEC_035_B_74980.fastq.gz
LEC_035_B_77580	004_20221019_FAME3_DAB1_FGF14_SCA8	results/ont-guppy_6.4.6/004_20221019_FAME3_DAB1_FGF14_SCA8/dna_r9.4.1_450bps_sup/fastq/LEC_035_B_77580.fastq.gz
LEC_040_B_74958	004_20221019_FAME3_DAB1_FGF14_SCA8	results/ont-guppy_6.4.6/004_20221019_FAME3_DAB1_FGF14_SCA8/dna_r9.4.1_450bps_sup/fastq/LEC_040_B_74958.fastq.gz
LEC_040_B_77566	004_20221019_FAME3_DAB1_FGF14_SCA8	results/ont-guppy_6.4.6/004_20221019_FAME3_DAB1_FGF14_SCA8/dna_r9.4.1_450bps_sup/fastq/LEC_040_B_77566.fastq.gz
LEC_043_B_74968	004_20221019_FAME3_DAB1_FGF14_SCA8	results/ont-guppy_6.4.6/004_20221019_FAME3_DAB1_FGF14_SCA8/dna_r9.4.1_450bps_sup/fastq/LEC_043_B_74968.fastq.gz
LEC_043_B_77565	004_20221019_FAME3_DAB1_FGF14_SCA8	results/ont-guppy_6.4.6/004_20221019_FAME3_DAB1_FGF14_SCA8/dna_r9.4.1_450bps_sup/fastq/LEC_043_B_77565.fastq.gz
LEC_046_B_74973	004_20221019_FAME3_DAB1_FGF14_SCA8	results/ont-guppy_6.4.6/004_20221019_FAME3_DAB1_FGF14_SCA8/dna_r9.4.1_450bps_sup/fastq/LEC_046_B_74973.fastq.gz
LEC_046_B_77577	004_20221019_FAME3_DAB1_FGF14_SCA8	results/ont-guppy_6.4.6/004_20221019_FAME3_DAB1_FGF14_SCA8/dna_r9.4.1_450bps_sup/fastq/LEC_046_B_77577.fastq.gz
LEC_048_B_76990	004_20221019_FAME3_DAB1_FGF14_SCA8	results/ont-guppy_6.4.6/004_20221019_FAME3_DAB1_FGF14_SCA8/dna_r9.4.1_450bps_sup/fastq/LEC_048_B_76990.fastq.gz
M00_234_B_87815	004_20221019_FAME3_DAB1_FGF14_SCA8	results/ont-guppy_6.4.6/004_20221019_FAME3_DAB1_FGF14_SCA8/dna_r9.4.1_450bps_sup/fastq/M00_234_B_87815.fastq.gz
MUH_001_B_92504	004_20221019_FAME3_DAB1_FGF14_SCA8	results/ont-guppy_6.4.6/004_20221019_FAME3_DAB1_FGF14_SCA8/dna_r9.4.1_450bps_sup/fastq/MUH_001_B_92504.fastq.gz
MUH_005_B_92701	004_20221019_FAME3_DAB1_FGF14_SCA8	results/ont-guppy_6.4.6/004_20221019_FAME3_DAB1_FGF14_SCA8/dna_r9.4.1_450bps_sup/fastq/MUH_005_B_92701.fastq.gz
MUH_006_B_92507	004_20221019_FAME3_DAB1_FGF14_SCA8	results/ont-guppy_6.4.6/004_20221019_FAME3_DAB1_FGF14_SCA8/dna_r9.4.1_450bps_sup/fastq/MUH_006_B_92507.fastq.gz
MUH_012_B_92530	004_20221019_FAME3_DAB1_FGF14_SCA8	results/ont-guppy_6.4.6/004_20221019_FAME3_DAB1_FGF14_SCA8/dna_r9.4.1_450bps_sup/fastq/MUH_012_B_92530.fastq.gz
MUH_013_B_92531	004_20221019_FAME3_DAB1_FGF14_SCA8	results/ont-guppy_6.4.6/004_20221019_FAME3_DAB1_FGF14_SCA8/dna_r9.4.1_450bps_sup/fastq/MUH_013_B_92531.fastq.gz
MUH_019_B_92516	004_20221019_FAME3_DAB1_FGF14_SCA8	results/ont-guppy_6.4.6/004_20221019_FAME3_DAB1_FGF14_SCA8/dna_r9.4.1_450bps_sup/fastq/MUH_019_B_92516.fastq.gz
PAY002_MSH_92460	004_20221019_FAME3_DAB1_FGF14_SCA8	results/ont-guppy_6.4.6/004_20221019_FAME3_DAB1_FGF14_SCA8/dna_r9.4.1_450bps_sup/fastq/PAY002_MSH_92460.fastq.gz
PAY004_B_92467	004_20221019_FAME3_DAB1_FGF14_SCA8	results/ont-guppy_6.4.6/004_20221019_FAME3_DAB1_FGF14_SCA8/dna_r9.4.1_450bps_sup/fastq/PAY004_B_92467.fastq.gz
PAY004_F_75347	004_20221019_FAME3_DAB1_FGF14_SCA8	results/ont-guppy_6.4.6/004_20221019_FAME3_DAB1_FGF14_SCA8/dna_r9.4.1_450bps_sup/fastq/PAY004_F_75347.fastq.gz
PAY004_MSH_92461	004_20221019_FAME3_DAB1_FGF14_SCA8	results/ont-guppy_6.4.6/004_20221019_FAME3_DAB1_FGF14_SCA8/dna_r9.4.1_450bps_sup/fastq/PAY004_MSH_92461.fastq.gz
PAY005_B_92468	004_20221019_FAME3_DAB1_FGF14_SCA8	results/ont-guppy_6.4.6/004_20221019_FAME3_DAB1_FGF14_SCA8/dna_r9.4.1_450bps_sup/fastq/PAY005_B_92468.fastq.gz
PAY005_F_78774	004_20221019_FAME3_DAB1_FGF14_SCA8	results/ont-guppy_6.4.6/004_20221019_FAME3_DAB1_FGF14_SCA8/dna_r9.4.1_450bps_sup/fastq/PAY005_F_78774.fastq.gz
PAY005_MSH_92462	004_20221019_FAME3_DAB1_FGF14_SCA8	results/ont-guppy_6.4.6/004_20221019_FAME3_DAB1_FGF14_SCA8/dna_r9.4.1_450bps_sup/fastq/PAY005_MSH_92462.fastq.gz
PAY011_MSH_92463	004_20221019_FAME3_DAB1_FGF14_SCA8	results/ont-guppy_6.4.6/004_20221019_FAME3_DAB1_FGF14_SCA8/dna_r9.4.1_450bps_sup/fastq/PAY011_MSH_92463.fastq.gz
PAY011_MSH_92464	004_20221019_FAME3_DAB1_FGF14_SCA8	results/ont-guppy_6.4.6/004_20221019_FAME3_DAB1_FGF14_SCA8/dna_r9.4.1_450bps_sup/fastq/PAY011_MSH_92464.fastq.gz
PAY015_B_92465	004_20221019_FAME3_DAB1_FGF14_SCA8	results/ont-guppy_6.4.6/004_20221019_FAME3_DAB1_FGF14_SCA8/dna_r9.4.1_450bps_sup/fastq/PAY015_B_92465.fastq.gz
PAY015_F_75303	004_20221019_FAME3_DAB1_FGF14_SCA8	results/ont-guppy_6.4.6/004_20221019_FAME3_DAB1_FGF14_SCA8/dna_r9.4.1_450bps_sup/fastq/PAY015_F_75303.fastq.gz
PAY015_MSH_92466	004_20221019_FAME3_DAB1_FGF14_SCA8	results/ont-guppy_6.4.6/004_20221019_FAME3_DAB1_FGF14_SCA8/dna_r9.4.1_450bps_sup/fastq/PAY015_MSH_92466.fastq.gz
PAY016_B_92469	004_20221019_FAME3_DAB1_FGF14_SCA8	results/ont-guppy_6.4.6/004_20221019_FAME3_DAB1_FGF14_SCA8/dna_r9.4.1_450bps_sup/fastq/PAY016_B_92469.fastq.gz
PAY016_F_75252	004_20221019_FAME3_DAB1_FGF14_SCA8	results/ont-guppy_6.4.6/004_20221019_FAME3_DAB1_FGF14_SCA8/dna_r9.4.1_450bps_sup/fastq/PAY016_F_75252.fastq.gz
PAY016_MSH_92470	004_20221019_FAME3_DAB1_FGF14_SCA8	results/ont-guppy_6.4.6/004_20221019_FAME3_DAB1_FGF14_SCA8/dna_r9.4.1_450bps_sup/fastq/PAY016_MSH_92470.fastq.gz
PAY017_B_90618	004_20221019_FAME3_DAB1_FGF14_SCA8	results/ont-guppy_6.4.6/004_20221019_FAME3_DAB1_FGF14_SCA8/dna_r9.4.1_450bps_sup/fastq/PAY017_B_90618.fastq.gz
PAY017_MSH_92681	004_20221019_FAME3_DAB1_FGF14_SCA8	results/ont-guppy_6.4.6/004_20221019_FAME3_DAB1_FGF14_SCA8/dna_r9.4.1_450bps_sup/fastq/PAY017_MSH_92681.fastq.gz
PAY024_B_77518_Run001	004_20221019_FAME3_DAB1_FGF14_SCA8	results/ont-guppy_6.4.6/004_20221019_FAME3_DAB1_FGF14_SCA8/dna_r9.4.1_450bps_sup/fastq/PAY024_B_77518_Run001.fastq.gz
PAY024_B_77527	004_20221019_FAME3_DAB1_FGF14_SCA8	results/ont-guppy_6.4.6/004_20221019_FAME3_DAB1_FGF14_SCA8/dna_r9.4.1_450bps_sup/fastq/PAY024_B_77527.fastq.gz
PAY024_MSH_92481	004_20221019_FAME3_DAB1_FGF14_SCA8	results/ont-guppy_6.4.6/004_20221019_FAME3_DAB1_FGF14_SCA8/dna_r9.4.1_450bps_sup/fastq/PAY024_MSH_92481.fastq.gz
PAY027_B_77530	004_20221019_FAME3_DAB1_FGF14_SCA8	results/ont-guppy_6.4.6/004_20221019_FAME3_DAB1_FGF14_SCA8/dna_r9.4.1_450bps_sup/fastq/PAY027_B_77530.fastq.gz
PAY027_B_77530_Run001	004_20221019_FAME3_DAB1_FGF14_SCA8	results/ont-guppy_6.4.6/004_20221019_FAME3_DAB1_FGF14_SCA8/dna_r9.4.1_450bps_sup/fastq/PAY027_B_77530_Run001.fastq.gz
PAY027_MSH_90620	004_20221019_FAME3_DAB1_FGF14_SCA8	results/ont-guppy_6.4.6/004_20221019_FAME3_DAB1_FGF14_SCA8/dna_r9.4.1_450bps_sup/fastq/PAY027_MSH_90620.fastq.gz
PAY028_B_77531	004_20221019_FAME3_DAB1_FGF14_SCA8	results/ont-guppy_6.4.6/004_20221019_FAME3_DAB1_FGF14_SCA8/dna_r9.4.1_450bps_sup/fastq/PAY028_B_77531.fastq.gz
PAY028_B_77531_Run001	004_20221019_FAME3_DAB1_FGF14_SCA8	results/ont-guppy_6.4.6/004_20221019_FAME3_DAB1_FGF14_SCA8/dna_r9.4.1_450bps_sup/fastq/PAY028_B_77531_Run001.fastq.gz
PAY028_MSH_92484	004_20221019_FAME3_DAB1_FGF14_SCA8	results/ont-guppy_6.4.6/004_20221019_FAME3_DAB1_FGF14_SCA8/dna_r9.4.1_450bps_sup/fastq/PAY028_MSH_92484.fastq.gz
PAY031_MSH_92486	004_20221019_FAME3_DAB1_FGF14_SCA8	results/ont-guppy_6.4.6/004_20221019_FAME3_DAB1_FGF14_SCA8/dna_r9.4.1_450bps_sup/fastq/PAY031_MSH_92486.fastq.gz
PAY034_B_77537	004_20221019_FAME3_DAB1_FGF14_SCA8	results/ont-guppy_6.4.6/004_20221019_FAME3_DAB1_FGF14_SCA8/dna_r9.4.1_450bps_sup/fastq/PAY034_B_77537.fastq.gz
PAY034_B_77537_Run001	004_20221019_FAME3_DAB1_FGF14_SCA8	results/ont-guppy_6.4.6/004_20221019_FAME3_DAB1_FGF14_SCA8/dna_r9.4.1_450bps_sup/fastq/PAY034_B_77537_Run001.fastq.gz
PAY037_B_77540	004_20221019_FAME3_DAB1_FGF14_SCA8	results/ont-guppy_6.4.6/004_20221019_FAME3_DAB1_FGF14_SCA8/dna_r9.4.1_450bps_sup/fastq/PAY037_B_77540.fastq.gz
PAY037_B_77540_Run001	004_20221019_FAME3_DAB1_FGF14_SCA8	results/ont-guppy_6.4.6/004_20221019_FAME3_DAB1_FGF14_SCA8/dna_r9.4.1_450bps_sup/fastq/PAY037_B_77540_Run001.fastq.gz
Pay15_nach_Size_Selection	004_20221019_FAME3_DAB1_FGF14_SCA8	results/ont-guppy_6.4.6/004_20221019_FAME3_DAB1_FGF14_SCA8/dna_r9.4.1_450bps_sup/fastq/Pay15_nach_Size_Selection.fastq.gz
SCA8_B_73129	004_20221019_FAME3_DAB1_FGF14_SCA8	results/ont-guppy_6.4.6/004_20221019_FAME3_DAB1_FGF14_SCA8/dna_r9.4.1_450bps_sup/fastq/SCA8_B_73129.fastq.gz
VA33_008_B_80321	004_20221019_FAME3_DAB1_FGF14_SCA8	results/ont-guppy_6.4.6/004_20221019_FAME3_DAB1_FGF14_SCA8/dna_r9.4.1_450bps_sup/fastq/VA33_008_B_80321.fastq.gz
VA33_008_B_80321_Run001	004_20221019_FAME3_DAB1_FGF14_SCA8	results/ont-guppy_6.4.6/004_20221019_FAME3_DAB1_FGF14_SCA8/dna_r9.4.1_450bps_sup/fastq/VA33_008_B_80321_Run001.fastq.gz
VA33_211_B_87809	004_20221019_FAME3_DAB1_FGF14_SCA8	results/ont-guppy_6.4.6/004_20221019_FAME3_DAB1_FGF14_SCA8/dna_r9.4.1_450bps_sup/fastq/VA33_211_B_87809.fastq.gz
VA33_213_B_87814	004_20221019_FAME3_DAB1_FGF14_SCA8	results/ont-guppy_6.4.6/004_20221019_FAME3_DAB1_FGF14_SCA8/dna_r9.4.1_450bps_sup/fastq/VA33_213_B_87814.fastq.gz
VA33_214_cerbellum_87354	004_20221019_FAME3_DAB1_FGF14_SCA8	results/ont-guppy_6.4.6/004_20221019_FAME3_DAB1_FGF14_SCA8/dna_r9.4.1_450bps_sup/fastq/VA33_214_cerbellum_87354.fastq.gz
VA33_214_cortex_87353	004_20221019_FAME3_DAB1_FGF14_SCA8	results/ont-guppy_6.4.6/004_20221019_FAME3_DAB1_FGF14_SCA8/dna_r9.4.1_450bps_sup/fastq/VA33_214_cortex_87353.fastq.gz
VA33_214_frontal_87352	004_20221019_FAME3_DAB1_FGF14_SCA8	results/ont-guppy_6.4.6/004_20221019_FAME3_DAB1_FGF14_SCA8/dna_r9.4.1_450bps_sup/fastq/VA33_214_frontal_87352.fastq.gz
VA33_217_B_87810	004_20221019_FAME3_DAB1_FGF14_SCA8	results/ont-guppy_6.4.6/004_20221019_FAME3_DAB1_FGF14_SCA8/dna_r9.4.1_450bps_sup/fastq/VA33_217_B_87810.fastq.gz
VA33_217_B_87810_Run001	004_20221019_FAME3_DAB1_FGF14_SCA8	results/ont-guppy_6.4.6/004_20221019_FAME3_DAB1_FGF14_SCA8/dna_r9.4.1_450bps_sup/fastq/VA33_217_B_87810_Run001.fastq.gz
VA33_217_cerebellum_75080	004_20221019_FAME3_DAB1_FGF14_SCA8	results/ont-guppy_6.4.6/004_20221019_FAME3_DAB1_FGF14_SCA8/dna_r9.4.1_450bps_sup/fastq/VA33_217_cerebellum_75080.fastq.gz
VA33_228_B_87813	004_20221019_FAME3_DAB1_FGF14_SCA8	results/ont-guppy_6.4.6/004_20221019_FAME3_DAB1_FGF14_SCA8/dna_r9.4.1_450bps_sup/fastq/VA33_228_B_87813.fastq.gz
VA33_598_B_87812	004_20221019_FAME3_DAB1_FGF14_SCA8	results/ont-guppy_6.4.6/004_20221019_FAME3_DAB1_FGF14_SCA8/dna_r9.4.1_450bps_sup/fastq/VA33_598_B_87812.fastq.gz
VA33_598_B_87812_Run001	004_20221019_FAME3_DAB1_FGF14_SCA8	results/ont-guppy_6.4.6/004_20221019_FAME3_DAB1_FGF14_SCA8/dna_r9.4.1_450bps_sup/fastq/VA33_598_B_87812_Run001.fastq.gz
BAFME1_PM439_D_95184	005_20230321_FAME3_NAA10_Ilaria	results/ont-guppy_6.4.6/005_20230321_FAME3_NAA10_Ilaria/dna_r9.4.1_450bps_sup/fastq/BAFME1_PM439_D_95184.fastq.gz
CAT_Y90_D_95208	005_20230321_FAME3_NAA10_Ilaria	results/ont-guppy_6.4.6/005_20230321_FAME3_NAA10_Ilaria/dna_r9.4.1_450bps_sup/fastq/CAT_Y90_D_95208.fastq.gz
CAT_Y91_D_95209	005_20230321_FAME3_NAA10_Ilaria	results/ont-guppy_6.4.6/005_20230321_FAME3_NAA10_Ilaria/dna_r9.4.1_450bps_sup/fastq/CAT_Y91_D_95209.fastq.gz
CDK16_M92191	005_20230321_FAME3_NAA10_Ilaria	results/ont-guppy_6.4.6/005_20230321_FAME3_NAA10_Ilaria/dna_r9.4.1_450bps_sup/fastq/CDK16_M92191.fastq.gz
CDK16_ctrl	005_20230321_FAME3_NAA10_Ilaria	results/ont-guppy_6.4.6/005_20230321_FAME3_NAA10_Ilaria/dna_r9.4.1_450bps_sup/fastq/CDK16_ctrl.fastq.gz
EIG_PM443_D_95172	005_20230321_FAME3_NAA10_Ilaria	results/ont-guppy_6.4.6/005_20230321_FAME3_NAA10_Ilaria/dna_r9.4.1_450bps_sup/fastq/EIG_PM443_D_95172.fastq.gz
EIG_PM444_D_95176_1x1_5	005_20230321_FAME3_NAA10_Ilaria	results/ont-guppy_6.4.6/005_20230321_FAME3_NAA10_Ilaria/dna_r9.4.1_450bps_sup/fastq/EIG_PM444_D_95176_1x1_5.fastq.gz
EIG_PM444_D_95176_2x0_75	005_20230321_FAME3_NAA10_Ilaria	results/ont-guppy_6.4.6/005_20230321_FAME3_NAA10_Ilaria/dna_r9.4.1_450bps_sup/fastq/EIG_PM444_D_95176_2x0_75.fastq.gz
EIG_PM461_D_95173_1x1_5	005_20230321_FAME3_NAA10_Ilaria	results/ont-guppy_6.4.6/005_20230321_FAME3_NAA10_Ilaria/dna_r9.4.1_450bps_sup/fastq/EIG_PM461_D_95173_1x1_5.fastq.gz
EIG_PM461_D_95173_2x0_75	005_20230321_FAME3_NAA10_Ilaria	results/ont-guppy_6.4.6/005_20230321_FAME3_NAA10_Ilaria/dna_r9.4.1_450bps_sup/fastq/EIG_PM461_D_95173_2x0_75.fastq.gz
EIG_PM463_D_95174_1x1_5	005_20230321_FAME3_NAA10_Ilaria	results/ont-guppy_6.4.6/005_20230321_FAME3_NAA10_Ilaria/dna_r9.4.1_450bps_sup/fastq/EIG_PM463_D_95174_1x1_5.fastq.gz
EIG_PM463_D_95174_2x0_75	005_20230321_FAME3_NAA10_Ilaria	results/ont-guppy_6.4.6/005_20230321_FAME3_NAA10_Ilaria/dna_r9.4.1_450bps_sup/fastq/EIG_PM463_D_95174_2x0_75.fastq.gz
EIG_PM467_D_95180_1x1_5	005_20230321_FAME3_NAA10_Ilaria	results/ont-guppy_6.4.6/005_20230321_FAME3_NAA10_Ilaria/dna_r9.4.1_450bps_sup/fastq/EIG_PM467_D_95180_1x1_5.fastq.gz
EIG_PM467_D_95180_2x0_75	005_20230321_FAME3_NAA10_Ilaria	results/ont-guppy_6.4.6/005_20230321_FAME3_NAA10_Ilaria/dna_r9.4.1_450bps_sup/fastq/EIG_PM467_D_95180_2x0_75.fastq.gz
EIG_PM469_D_95181_1x1_5	005_20230321_FAME3_NAA10_Ilaria	results/ont-guppy_6.4.6/005_20230321_FAME3_NAA10_Ilaria/dna_r9.4.1_450bps_sup/fastq/EIG_PM469_D_95181_1x1_5.fastq.gz
EIG_PM469_D_95181_2x0_75	005_20230321_FAME3_NAA10_Ilaria	results/ont-guppy_6.4.6/005_20230321_FAME3_NAA10_Ilaria/dna_r9.4.1_450bps_sup/fastq/EIG_PM469_D_95181_2x0_75.fastq.gz
EIG_PM470_D_95182_2x0_75	005_20230321_FAME3_NAA10_Ilaria	results/ont-guppy_6.4.6/005_20230321_FAME3_NAA10_Ilaria/dna_r9.4.1_450bps_sup/fastq/EIG_PM470_D_95182_2x0_75.fastq.gz
EIG_PM471_D_95183_1x1_5	005_20230321_FAME3_NAA10_Ilaria	results/ont-guppy_6.4.6/005_20230321_FAME3_NAA10_Ilaria/dna_r9.4.1_450bps_sup/fastq/EIG_PM471_D_95183_1x1_5.fastq.gz
EIG_PM471_D_95183_1x2_5	005_20230321_FAME3_NAA10_Ilaria	results/ont-guppy_6.4.6/005_20230321_FAME3_NAA10_Ilaria/dna_r9.4.1_450bps_sup/fastq/EIG_PM471_D_95183_1x2_5.fastq.gz
EIG_PM471_D_95183_2x0_75	005_20230321_FAME3_NAA10_Ilaria	results/ont-guppy_6.4.6/005_20230321_FAME3_NAA10_Ilaria/dna_r9.4.1_450bps_sup/fastq/EIG_PM471_D_95183_2x0_75.fastq.gz
EIG_PM474_D_95178_1x1_5	005_20230321_FAME3_NAA10_Ilaria	results/ont-guppy_6.4.6/005_20230321_FAME3_NAA10_Ilaria/dna_r9.4.1_450bps_sup/fastq/EIG_PM474_D_95178_1x1_5.fastq.gz
EIG_PM474_D_95178_2x0_75	005_20230321_FAME3_NAA10_Ilaria	results/ont-guppy_6.4.6/005_20230321_FAME3_NAA10_Ilaria/dna_r9.4.1_450bps_sup/fastq/EIG_PM474_D_95178_2x0_75.fastq.gz
EIG_PM475_D_95179_1x1_5	005_20230321_FAME3_NAA10_Ilaria	results/ont-guppy_6.4.6/005_20230321_FAME3_NAA10_Ilaria/dna_r9.4.1_450bps_sup/fastq/EIG_PM475_D_95179_1x1_5.fastq.gz
EIG_PM475_D_95179_2x0_75	005_20230321_FAME3_NAA10_Ilaria	results/ont-guppy_6.4.6/005_20230321_FAME3_NAA10_Ilaria/dna_r9.4.1_450bps_sup/fastq/EIG_PM475_D_95179_2x0_75.fastq.gz
EIG_PM560_D_95177_2x0_75	005_20230321_FAME3_NAA10_Ilaria	results/ont-guppy_6.4.6/005_20230321_FAME3_NAA10_Ilaria/dna_r9.4.1_450bps_sup/fastq/EIG_PM560_D_95177_2x0_75.fastq.gz
F1_PM440_D_95185	005_20230321_FAME3_NAA10_Ilaria	results/ont-guppy_6.4.6/005_20230321_FAME3_NAA10_Ilaria/dna_r9.4.1_450bps_sup/fastq/F1_PM440_D_95185.fastq.gz
F1_PM442_D_95186	005_20230321_FAME3_NAA10_Ilaria	results/ont-guppy_6.4.6/005_20230321_FAME3_NAA10_Ilaria/dna_r9.4.1_450bps_sup/fastq/F1_PM442_D_95186.fastq.gz
F1_PM456_D_95187	005_20230321_FAME3_NAA10_Ilaria	results/ont-guppy_6.4.6/005_20230321_FAME3_NAA10_Ilaria/dna_r9.4.1_450bps_sup/fastq/F1_PM456_D_95187.fastq.gz
F1_PM458_D_95188_2x0_75	005_20230321_FAME3_NAA10_Ilaria	results/ont-guppy_6.4.6/005_20230321_FAME3_NAA10_Ilaria/dna_r9.4.1_450bps_sup/fastq/F1_PM458_D_95188_2x0_75.fastq.gz
F2_PM496_D_95195	005_20230321_FAME3_NAA10_Ilaria	results/ont-guppy_6.4.6/005_20230321_FAME3_NAA10_Ilaria/dna_r9.4.1_450bps_sup/fastq/F2_PM496_D_95195.fastq.gz
F2_PM497_D_95189_1x1_5	005_20230321_FAME3_NAA10_Ilaria	results/ont-guppy_6.4.6/005_20230321_FAME3_NAA10_Ilaria/dna_r9.4.1_450bps_sup/fastq/F2_PM497_D_95189_1x1_5.fastq.gz
F2_PM497_D_95189_2x0_75	005_20230321_FAME3_NAA10_Ilaria	results/ont-guppy_6.4.6/005_20230321_FAME3_NAA10_Ilaria/dna_r9.4.1_450bps_sup/fastq/F2_PM497_D_95189_2x0_75.fastq.gz
F2_PM499_D_95190	005_20230321_FAME3_NAA10_Ilaria	results/ont-guppy_6.4.6/005_20230321_FAME3_NAA10_Ilaria/dna_r9.4.1_450bps_sup/fastq/F2_PM499_D_95190.fastq.gz
F2_PM500_D_95191_1x1_5	005_20230321_FAME3_NAA10_Ilaria	results/ont-guppy_6.4.6/005_20230321_FAME3_NAA10_Ilaria/dna_r9.4.1_450bps_sup/fastq/F2_PM500_D_95191_1x1_5.fastq.gz
F2_PM500_D_95191_1x2_5	005_20230321_FAME3_NAA10_Ilaria	results/ont-guppy_6.4.6/005_20230321_FAME3_NAA10_Ilaria/dna_r9.4.1_450bps_sup/fastq/F2_PM500_D_95191_1x2_5.fastq.gz
F2_PM500_D_95191_2x0_75	005_20230321_FAME3_NAA10_Ilaria	results/ont-guppy_6.4.6/005_20230321_FAME3_NAA10_Ilaria/dna_r9.4.1_450bps_sup/fastq/F2_PM500_D_95191_2x0_75.fastq.gz
F2_PM501_D_95192_2x0_75	005_20230321_FAME3_NAA10_Ilaria	results/ont-guppy_6.4.6/005_20230321_FAME3_NAA10_Ilaria/dna_r9.4.1_450bps_sup/fastq/F2_PM501_D_95192_2x0_75.fastq.gz
F2_PM502_D_95194	005_20230321_FAME3_NAA10_Ilaria	results/ont-guppy_6.4.6/005_20230321_FAME3_NAA10_Ilaria/dna_r9.4.1_450bps_sup/fastq/F2_PM502_D_95194.fastq.gz
F2_PM503_D_95193	005_20230321_FAME3_NAA10_Ilaria	results/ont-guppy_6.4.6/005_20230321_FAME3_NAA10_Ilaria/dna_r9.4.1_450bps_sup/fastq/F2_PM503_D_95193.fastq.gz
F2_PM504_D_95196_2x0_75	005_20230321_FAME3_NAA10_Ilaria	results/ont-guppy_6.4.6/005_20230321_FAME3_NAA10_Ilaria/dna_r9.4.1_450bps_sup/fastq/F2_PM504_D_95196_2x0_75.fastq.gz
F3_PM445_D_95197	005_20230321_FAME3_NAA10_Ilaria	results/ont-guppy_6.4.6/005_20230321_FAME3_NAA10_Ilaria/dna_r9.4.1_450bps_sup/fastq/F3_PM445_D_95197.fastq.gz
F3_PM478_D_95198	005_20230321_FAME3_NAA10_Ilaria	results/ont-guppy_6.4.6/005_20230321_FAME3_NAA10_Ilaria/dna_r9.4.1_450bps_sup/fastq/F3_PM478_D_95198.fastq.gz
F4_PM508_D_95201	005_20230321_FAME3_NAA10_Ilaria	results/ont-guppy_6.4.6/005_20230321_FAME3_NAA10_Ilaria/dna_r9.4.1_450bps_sup/fastq/F4_PM508_D_95201.fastq.gz
F4_PM510_D_95199	005_20230321_FAME3_NAA10_Ilaria	results/ont-guppy_6.4.6/005_20230321_FAME3_NAA10_Ilaria/dna_r9.4.1_450bps_sup/fastq/F4_PM510_D_95199.fastq.gz
F4_PM514_D_95202	005_20230321_FAME3_NAA10_Ilaria	results/ont-guppy_6.4.6/005_20230321_FAME3_NAA10_Ilaria/dna_r9.4.1_450bps_sup/fastq/F4_PM514_D_95202.fastq.gz
F4_PM515_D_95203	005_20230321_FAME3_NAA10_Ilaria	results/ont-guppy_6.4.6/005_20230321_FAME3_NAA10_Ilaria/dna_r9.4.1_450bps_sup/fastq/F4_PM515_D_95203.fastq.gz
F4_PM516_D_95204	005_20230321_FAME3_NAA10_Ilaria	results/ont-guppy_6.4.6/005_20230321_FAME3_NAA10_Ilaria/dna_r9.4.1_450bps_sup/fastq/F4_PM516_D_95204.fastq.gz
F5_PM517_D_95206	005_20230321_FAME3_NAA10_Ilaria	results/ont-guppy_6.4.6/005_20230321_FAME3_NAA10_Ilaria/dna_r9.4.1_450bps_sup/fastq/F5_PM517_D_95206.fastq.gz
F5_PM518_D_95205_2x0_75	005_20230321_FAME3_NAA10_Ilaria	results/ont-guppy_6.4.6/005_20230321_FAME3_NAA10_Ilaria/dna_r9.4.1_450bps_sup/fastq/F5_PM518_D_95205_2x0_75.fastq.gz
F5_PM520_D_95207_2x0_75	005_20230321_FAME3_NAA10_Ilaria	results/ont-guppy_6.4.6/005_20230321_FAME3_NAA10_Ilaria/dna_r9.4.1_450bps_sup/fastq/F5_PM520_D_95207_2x0_75.fastq.gz
LEC019_B_74957	005_20230321_FAME3_NAA10_Ilaria	results/ont-guppy_6.4.6/005_20230321_FAME3_NAA10_Ilaria/dna_r9.4.1_450bps_sup/fastq/LEC019_B_74957.fastq.gz
LEC035_B_74980	005_20230321_FAME3_NAA10_Ilaria	results/ont-guppy_6.4.6/005_20230321_FAME3_NAA10_Ilaria/dna_r9.4.1_450bps_sup/fastq/LEC035_B_74980.fastq.gz
MDGS053_D_95257	005_20230321_FAME3_NAA10_Ilaria	results/ont-guppy_6.4.6/005_20230321_FAME3_NAA10_Ilaria/dna_r9.4.1_450bps_sup/fastq/MDGS053_D_95257.fastq.gz
MUH001_B_92504	005_20230321_FAME3_NAA10_Ilaria	results/ont-guppy_6.4.6/005_20230321_FAME3_NAA10_Ilaria/dna_r9.4.1_450bps_sup/fastq/MUH001_B_92504.fastq.gz
NAA10_1_75006	005_20230321_FAME3_NAA10_Ilaria	results/ont-guppy_6.4.6/005_20230321_FAME3_NAA10_Ilaria/dna_r9.4.1_450bps_sup/fastq/NAA10_1_75006.fastq.gz
NAA10_1_75021	005_20230321_FAME3_NAA10_Ilaria	results/ont-guppy_6.4.6/005_20230321_FAME3_NAA10_Ilaria/dna_r9.4.1_450bps_sup/fastq/NAA10_1_75021.fastq.gz
NAA10_1_93785	005_20230321_FAME3_NAA10_Ilaria	results/ont-guppy_6.4.6/005_20230321_FAME3_NAA10_Ilaria/dna_r9.4.1_450bps_sup/fastq/NAA10_1_93785.fastq.gz
NAA10_1_fet_brain	005_20230321_FAME3_NAA10_Ilaria	results/ont-guppy_6.4.6/005_20230321_FAME3_NAA10_Ilaria/dna_r9.4.1_450bps_sup/fastq/NAA10_1_fet_brain.fastq.gz
NAA10_2_75006	005_20230321_FAME3_NAA10_Ilaria	results/ont-guppy_6.4.6/005_20230321_FAME3_NAA10_Ilaria/dna_r9.4.1_450bps_sup/fastq/NAA10_2_75006.fastq.gz
NAA10_2_75021	005_20230321_FAME3_NAA10_Ilaria	results/ont-guppy_6.4.6/005_20230321_FAME3_NAA10_Ilaria/dna_r9.4.1_450bps_sup/fastq/NAA10_2_75021.fastq.gz
NAA10_2_93785	005_20230321_FAME3_NAA10_Ilaria	results/ont-guppy_6.4.6/005_20230321_FAME3_NAA10_Ilaria/dna_r9.4.1_450bps_sup/fastq/NAA10_2_93785.fastq.gz
NAA10_2_fet_brain	005_20230321_FAME3_NAA10_Ilaria	results/ont-guppy_6.4.6/005_20230321_FAME3_NAA10_Ilaria/dna_r9.4.1_450bps_sup/fastq/NAA10_2_fet_brain.fastq.gz
NIPBL_M94947	005_20230321_FAME3_NAA10_Ilaria	results/ont-guppy_6.4.6/005_20230321_FAME3_NAA10_Ilaria/dna_r9.4.1_450bps_sup/fastq/NIPBL_M94947.fastq.gz
NIPBL_ctrl	005_20230321_FAME3_NAA10_Ilaria	results/ont-guppy_6.4.6/005_20230321_FAME3_NAA10_Ilaria/dna_r9.4.1_450bps_sup/fastq/NIPBL_ctrl.fastq.gz
PAD17_B_77030	005_20230321_FAME3_NAA10_Ilaria	results/ont-guppy_6.4.6/005_20230321_FAME3_NAA10_Ilaria/dna_r9.4.1_450bps_sup/fastq/PAD17_B_77030.fastq.gz
PAY002_B_77507	005_20230321_FAME3_NAA10_Ilaria	results/ont-guppy_6.4.6/005_20230321_FAME3_NAA10_Ilaria/dna_r9.4.1_450bps_sup/fastq/PAY002_B_77507.fastq.gz
PAY004_B_92467	005_20230321_FAME3_NAA10_Ilaria	results/ont-guppy_6.4.6/005_20230321_FAME3_NAA10_Ilaria/dna_r9.4.1_450bps_sup/fastq/PAY004_B_92467.fastq.gz
PAY005_B_92468	005_20230321_FAME3_NAA10_Ilaria	results/ont-guppy_6.4.6/005_20230321_FAME3_NAA10_Ilaria/dna_r9.4.1_450bps_sup/fastq/PAY005_B_92468.fastq.gz
PAY011_B_77514	005_20230321_FAME3_NAA10_Ilaria	results/ont-guppy_6.4.6/005_20230321_FAME3_NAA10_Ilaria/dna_r9.4.1_450bps_sup/fastq/PAY011_B_77514.fastq.gz
PAY023_B_77525	005_20230321_FAME3_NAA10_Ilaria	results/ont-guppy_6.4.6/005_20230321_FAME3_NAA10_Ilaria/dna_r9.4.1_450bps_sup/fastq/PAY023_B_77525.fastq.gz
PAY024_B_77527	005_20230321_FAME3_NAA10_Ilaria	results/ont-guppy_6.4.6/005_20230321_FAME3_NAA10_Ilaria/dna_r9.4.1_450bps_sup/fastq/PAY024_B_77527.fastq.gz
PAY028_B_77531	005_20230321_FAME3_NAA10_Ilaria	results/ont-guppy_6.4.6/005_20230321_FAME3_NAA10_Ilaria/dna_r9.4.1_450bps_sup/fastq/PAY028_B_77531.fastq.gz
PAY031_B_77534	005_20230321_FAME3_NAA10_Ilaria	results/ont-guppy_6.4.6/005_20230321_FAME3_NAA10_Ilaria/dna_r9.4.1_450bps_sup/fastq/PAY031_B_77534.fastq.gz
PAY034_B_77537	005_20230321_FAME3_NAA10_Ilaria	results/ont-guppy_6.4.6/005_20230321_FAME3_NAA10_Ilaria/dna_r9.4.1_450bps_sup/fastq/PAY034_B_77537.fastq.gz
PAY037_B_77540	005_20230321_FAME3_NAA10_Ilaria	results/ont-guppy_6.4.6/005_20230321_FAME3_NAA10_Ilaria/dna_r9.4.1_450bps_sup/fastq/PAY037_B_77540.fastq.gz
PAY039_B_77542	005_20230321_FAME3_NAA10_Ilaria	results/ont-guppy_6.4.6/005_20230321_FAME3_NAA10_Ilaria/dna_r9.4.1_450bps_sup/fastq/PAY039_B_77542.fastq.gz
VA33_214_Cereb_87354	005_20230321_FAME3_NAA10_Ilaria	results/ont-guppy_6.4.6/005_20230321_FAME3_NAA10_Ilaria/dna_r9.4.1_450bps_sup/fastq/VA33_214_Cereb_87354.fastq.gz
BAFME1_PM439_D_95184	006_20230322_FAME3_NAA10_Ilaria	results/ont-guppy_6.4.6/006_20230322_FAME3_NAA10_Ilaria/dna_r9.4.1_450bps_sup/fastq/BAFME1_PM439_D_95184.fastq.gz
CAT_Y90_D_95208	006_20230322_FAME3_NAA10_Ilaria	results/ont-guppy_6.4.6/006_20230322_FAME3_NAA10_Ilaria/dna_r9.4.1_450bps_sup/fastq/CAT_Y90_D_95208.fastq.gz
CAT_Y91_D_95209	006_20230322_FAME3_NAA10_Ilaria	results/ont-guppy_6.4.6/006_20230322_FAME3_NAA10_Ilaria/dna_r9.4.1_450bps_sup/fastq/CAT_Y91_D_95209.fastq.gz
CDK16_M92191	006_20230322_FAME3_NAA10_Ilaria	results/ont-guppy_6.4.6/006_20230322_FAME3_NAA10_Ilaria/dna_r9.4.1_450bps_sup/fastq/CDK16_M92191.fastq.gz
CDK16_ctrl	006_20230322_FAME3_NAA10_Ilaria	results/ont-guppy_6.4.6/006_20230322_FAME3_NAA10_Ilaria/dna_r9.4.1_450bps_sup/fastq/CDK16_ctrl.fastq.gz
EIG_PM443_D_95172	006_20230322_FAME3_NAA10_Ilaria	results/ont-guppy_6.4.6/006_20230322_FAME3_NAA10_Ilaria/dna_r9.4.1_450bps_sup/fastq/EIG_PM443_D_95172.fastq.gz
EIG_PM444_D_95176_1x1_5	006_20230322_FAME3_NAA10_Ilaria	results/ont-guppy_6.4.6/006_20230322_FAME3_NAA10_Ilaria/dna_r9.4.1_450bps_sup/fastq/EIG_PM444_D_95176_1x1_5.fastq.gz
EIG_PM444_D_95176_2x0_75	006_20230322_FAME3_NAA10_Ilaria	results/ont-guppy_6.4.6/006_20230322_FAME3_NAA10_Ilaria/dna_r9.4.1_450bps_sup/fastq/EIG_PM444_D_95176_2x0_75.fastq.gz
EIG_PM461_D_95173_1x1_5	006_20230322_FAME3_NAA10_Ilaria	results/ont-guppy_6.4.6/006_20230322_FAME3_NAA10_Ilaria/dna_r9.4.1_450bps_sup/fastq/EIG_PM461_D_95173_1x1_5.fastq.gz
EIG_PM461_D_95173_2x0_75	006_20230322_FAME3_NAA10_Ilaria	results/ont-guppy_6.4.6/006_20230322_FAME3_NAA10_Ilaria/dna_r9.4.1_450bps_sup/fastq/EIG_PM461_D_95173_2x0_75.fastq.gz
EIG_PM463_D_95174_1x1_5	006_20230322_FAME3_NAA10_Ilaria	results/ont-guppy_6.4.6/006_20230322_FAME3_NAA10_Ilaria/dna_r9.4.1_450bps_sup/fastq/EIG_PM463_D_95174_1x1_5.fastq.gz
EIG_PM463_D_95174_2x0_75	006_20230322_FAME3_NAA10_Ilaria	results/ont-guppy_6.4.6/006_20230322_FAME3_NAA10_Ilaria/dna_r9.4.1_450bps_sup/fastq/EIG_PM463_D_95174_2x0_75.fastq.gz
EIG_PM467_D_95180_1x1_5	006_20230322_FAME3_NAA10_Ilaria	results/ont-guppy_6.4.6/006_20230322_FAME3_NAA10_Ilaria/dna_r9.4.1_450bps_sup/fastq/EIG_PM467_D_95180_1x1_5.fastq.gz
EIG_PM467_D_95180_2x0_75	006_20230322_FAME3_NAA10_Ilaria	results/ont-guppy_6.4.6/006_20230322_FAME3_NAA10_Ilaria/dna_r9.4.1_450bps_sup/fastq/EIG_PM467_D_95180_2x0_75.fastq.gz
EIG_PM469_D_95181_1x1_5	006_20230322_FAME3_NAA10_Ilaria	results/ont-guppy_6.4.6/006_20230322_FAME3_NAA10_Ilaria/dna_r9.4.1_450bps_sup/fastq/EIG_PM469_D_95181_1x1_5.fastq.gz
EIG_PM469_D_95181_2x0_75	006_20230322_FAME3_NAA10_Ilaria	results/ont-guppy_6.4.6/006_20230322_FAME3_NAA10_Ilaria/dna_r9.4.1_450bps_sup/fastq/EIG_PM469_D_95181_2x0_75.fastq.gz
EIG_PM470_D_95182_2x0_75	006_20230322_FAME3_NAA10_Ilaria	results/ont-guppy_6.4.6/006_20230322_FAME3_NAA10_Ilaria/dna_r9.4.1_450bps_sup/fastq/EIG_PM470_D_95182_2x0_75.fastq.gz
EIG_PM471_D_95183_1x1_5	006_20230322_FAME3_NAA10_Ilaria	results/ont-guppy_6.4.6/006_20230322_FAME3_NAA10_Ilaria/dna_r9.4.1_450bps_sup/fastq/EIG_PM471_D_95183_1x1_5.fastq.gz
EIG_PM471_D_95183_1x2_5	006_20230322_FAME3_NAA10_Ilaria	results/ont-guppy_6.4.6/006_20230322_FAME3_NAA10_Ilaria/dna_r9.4.1_450bps_sup/fastq/EIG_PM471_D_95183_1x2_5.fastq.gz
EIG_PM471_D_95183_2x0_75	006_20230322_FAME3_NAA10_Ilaria	results/ont-guppy_6.4.6/006_20230322_FAME3_NAA10_Ilaria/dna_r9.4.1_450bps_sup/fastq/EIG_PM471_D_95183_2x0_75.fastq.gz
EIG_PM474_D_95178_1x1_5	006_20230322_FAME3_NAA10_Ilaria	results/ont-guppy_6.4.6/006_20230322_FAME3_NAA10_Ilaria/dna_r9.4.1_450bps_sup/fastq/EIG_PM474_D_95178_1x1_5.fastq.gz
EIG_PM474_D_95178_2x0_75	006_20230322_FAME3_NAA10_Ilaria	results/ont-guppy_6.4.6/006_20230322_FAME3_NAA10_Ilaria/dna_r9.4.1_450bps_sup/fastq/EIG_PM474_D_95178_2x0_75.fastq.gz
EIG_PM475_D_95179_1x1_5	006_20230322_FAME3_NAA10_Ilaria	results/ont-guppy_6.4.6/006_20230322_FAME3_NAA10_Ilaria/dna_r9.4.1_450bps_sup/fastq/EIG_PM475_D_95179_1x1_5.fastq.gz
EIG_PM475_D_95179_2x0_75	006_20230322_FAME3_NAA10_Ilaria	results/ont-guppy_6.4.6/006_20230322_FAME3_NAA10_Ilaria/dna_r9.4.1_450bps_sup/fastq/EIG_PM475_D_95179_2x0_75.fastq.gz
EIG_PM560_D_95177_2x0_75	006_20230322_FAME3_NAA10_Ilaria	results/ont-guppy_6.4.6/006_20230322_FAME3_NAA10_Ilaria/dna_r9.4.1_450bps_sup/fastq/EIG_PM560_D_95177_2x0_75.fastq.gz
F1_PM440_D_95185	006_20230322_FAME3_NAA10_Ilaria	results/ont-guppy_6.4.6/006_20230322_FAME3_NAA10_Ilaria/dna_r9.4.1_450bps_sup/fastq/F1_PM440_D_95185.fastq.gz
F1_PM442_D_95186	006_20230322_FAME3_NAA10_Ilaria	results/ont-guppy_6.4.6/006_20230322_FAME3_NAA10_Ilaria/dna_r9.4.1_450bps_sup/fastq/F1_PM442_D_95186.fastq.gz
F1_PM456_D_95187	006_20230322_FAME3_NAA10_Ilaria	results/ont-guppy_6.4.6/006_20230322_FAME3_NAA10_Ilaria/dna_r9.4.1_450bps_sup/fastq/F1_PM456_D_95187.fastq.gz
F1_PM458_D_95188_2x0_75	006_20230322_FAME3_NAA10_Ilaria	results/ont-guppy_6.4.6/006_20230322_FAME3_NAA10_Ilaria/dna_r9.4.1_450bps_sup/fastq/F1_PM458_D_95188_2x0_75.fastq.gz
F2_PM496_D_95195	006_20230322_FAME3_NAA10_Ilaria	results/ont-guppy_6.4.6/006_20230322_FAME3_NAA10_Ilaria/dna_r9.4.1_450bps_sup/fastq/F2_PM496_D_95195.fastq.gz
F2_PM497_D_95189_1x1_5	006_20230322_FAME3_NAA10_Ilaria	results/ont-guppy_6.4.6/006_20230322_FAME3_NAA10_Ilaria/dna_r9.4.1_450bps_sup/fastq/F2_PM497_D_95189_1x1_5.fastq.gz
F2_PM497_D_95189_2x0_75	006_20230322_FAME3_NAA10_Ilaria	results/ont-guppy_6.4.6/006_20230322_FAME3_NAA10_Ilaria/dna_r9.4.1_450bps_sup/fastq/F2_PM497_D_95189_2x0_75.fastq.gz
F2_PM499_D_95190	006_20230322_FAME3_NAA10_Ilaria	results/ont-guppy_6.4.6/006_20230322_FAME3_NAA10_Ilaria/dna_r9.4.1_450bps_sup/fastq/F2_PM499_D_95190.fastq.gz
F2_PM500_D_95191_1x1_5	006_20230322_FAME3_NAA10_Ilaria	results/ont-guppy_6.4.6/006_20230322_FAME3_NAA10_Ilaria/dna_r9.4.1_450bps_sup/fastq/F2_PM500_D_95191_1x1_5.fastq.gz
F2_PM500_D_95191_1x2_5	006_20230322_FAME3_NAA10_Ilaria	results/ont-guppy_6.4.6/006_20230322_FAME3_NAA10_Ilaria/dna_r9.4.1_450bps_sup/fastq/F2_PM500_D_95191_1x2_5.fastq.gz
F2_PM500_D_95191_2x0_75	006_20230322_FAME3_NAA10_Ilaria	results/ont-guppy_6.4.6/006_20230322_FAME3_NAA10_Ilaria/dna_r9.4.1_450bps_sup/fastq/F2_PM500_D_95191_2x0_75.fastq.gz
F2_PM501_D_95192_2x0_75	006_20230322_FAME3_NAA10_Ilaria	results/ont-guppy_6.4.6/006_20230322_FAME3_NAA10_Ilaria/dna_r9.4.1_450bps_sup/fastq/F2_PM501_D_95192_2x0_75.fastq.gz
F2_PM502_D_95194	006_20230322_FAME3_NAA10_Ilaria	results/ont-guppy_6.4.6/006_20230322_FAME3_NAA10_Ilaria/dna_r9.4.1_450bps_sup/fastq/F2_PM502_D_95194.fastq.gz
F2_PM503_D_95193	006_20230322_FAME3_NAA10_Ilaria	results/ont-guppy_6.4.6/006_20230322_FAME3_NAA10_Ilaria/dna_r9.4.1_450bps_sup/fastq/F2_PM503_D_95193.fastq.gz
F2_PM504_D_95196_2x0_75	006_20230322_FAME3_NAA10_Ilaria	results/ont-guppy_6.4.6/006_20230322_FAME3_NAA10_Ilaria/dna_r9.4.1_450bps_sup/fastq/F2_PM504_D_95196_2x0_75.fastq.gz
F3_PM445_D_95197	006_20230322_FAME3_NAA10_Ilaria	results/ont-guppy_6.4.6/006_20230322_FAME3_NAA10_Ilaria/dna_r9.4.1_450bps_sup/fastq/F3_PM445_D_95197.fastq.gz
F3_PM478_D_95198	006_20230322_FAME3_NAA10_Ilaria	results/ont-guppy_6.4.6/006_20230322_FAME3_NAA10_Ilaria/dna_r9.4.1_450bps_sup/fastq/F3_PM478_D_95198.fastq.gz
F4_PM508_D_95201	006_20230322_FAME3_NAA10_Ilaria	results/ont-guppy_6.4.6/006_20230322_FAME3_NAA10_Ilaria/dna_r9.4.1_450bps_sup/fastq/F4_PM508_D_95201.fastq.gz
F4_PM510_D_95199	006_20230322_FAME3_NAA10_Ilaria	results/ont-guppy_6.4.6/006_20230322_FAME3_NAA10_Ilaria/dna_r9.4.1_450bps_sup/fastq/F4_PM510_D_95199.fastq.gz
F4_PM514_D_95202	006_20230322_FAME3_NAA10_Ilaria	results/ont-guppy_6.4.6/006_20230322_FAME3_NAA10_Ilaria/dna_r9.4.1_450bps_sup/fastq/F4_PM514_D_95202.fastq.gz
F4_PM515_D_95203	006_20230322_FAME3_NAA10_Ilaria	results/ont-guppy_6.4.6/006_20230322_FAME3_NAA10_Ilaria/dna_r9.4.1_450bps_sup/fastq/F4_PM515_D_95203.fastq.gz
F4_PM516_D_95204	006_20230322_FAME3_NAA10_Ilaria	results/ont-guppy_6.4.6/006_20230322_FAME3_NAA10_Ilaria/dna_r9.4.1_450bps_sup/fastq/F4_PM516_D_95204.fastq.gz
F5_PM517_D_95206	006_20230322_FAME3_NAA10_Ilaria	results/ont-guppy_6.4.6/006_20230322_FAME3_NAA10_Ilaria/dna_r9.4.1_450bps_sup/fastq/F5_PM517_D_95206.fastq.gz
F5_PM518_D_95205_2x0_75	006_20230322_FAME3_NAA10_Ilaria	results/ont-guppy_6.4.6/006_20230322_FAME3_NAA10_Ilaria/dna_r9.4.1_450bps_sup/fastq/F5_PM518_D_95205_2x0_75.fastq.gz
F5_PM520_D_95207_2x0_75	006_20230322_FAME3_NAA10_Ilaria	results/ont-guppy_6.4.6/006_20230322_FAME3_NAA10_Ilaria/dna_r9.4.1_450bps_sup/fastq/F5_PM520_D_95207_2x0_75.fastq.gz
LEC019_B_74957	006_20230322_FAME3_NAA10_Ilaria	results/ont-guppy_6.4.6/006_20230322_FAME3_NAA10_Ilaria/dna_r9.4.1_450bps_sup/fastq/LEC019_B_74957.fastq.gz
LEC035_B_74980	006_20230322_FAME3_NAA10_Ilaria	results/ont-guppy_6.4.6/006_20230322_FAME3_NAA10_Ilaria/dna_r9.4.1_450bps_sup/fastq/LEC035_B_74980.fastq.gz
MDGS053_D_95257	006_20230322_FAME3_NAA10_Ilaria	results/ont-guppy_6.4.6/006_20230322_FAME3_NAA10_Ilaria/dna_r9.4.1_450bps_sup/fastq/MDGS053_D_95257.fastq.gz
MUH001_B_92504	006_20230322_FAME3_NAA10_Ilaria	results/ont-guppy_6.4.6/006_20230322_FAME3_NAA10_Ilaria/dna_r9.4.1_450bps_sup/fastq/MUH001_B_92504.fastq.gz
NAA10_1_75006	006_20230322_FAME3_NAA10_Ilaria	results/ont-guppy_6.4.6/006_20230322_FAME3_NAA10_Ilaria/dna_r9.4.1_450bps_sup/fastq/NAA10_1_75006.fastq.gz
NAA10_1_75021	006_20230322_FAME3_NAA10_Ilaria	results/ont-guppy_6.4.6/006_20230322_FAME3_NAA10_Ilaria/dna_r9.4.1_450bps_sup/fastq/NAA10_1_75021.fastq.gz
NAA10_1_93785	006_20230322_FAME3_NAA10_Ilaria	results/ont-guppy_6.4.6/006_20230322_FAME3_NAA10_Ilaria/dna_r9.4.1_450bps_sup/fastq/NAA10_1_93785.fastq.gz
NAA10_1_fet_brain	006_20230322_FAME3_NAA10_Ilaria	results/ont-guppy_6.4.6/006_20230322_FAME3_NAA10_Ilaria/dna_r9.4.1_450bps_sup/fastq/NAA10_1_fet_brain.fastq.gz
NAA10_2_75006	006_20230322_FAME3_NAA10_Ilaria	results/ont-guppy_6.4.6/006_20230322_FAME3_NAA10_Ilaria/dna_r9.4.1_450bps_sup/fastq/NAA10_2_75006.fastq.gz
NAA10_2_75021	006_20230322_FAME3_NAA10_Ilaria	results/ont-guppy_6.4.6/006_20230322_FAME3_NAA10_Ilaria/dna_r9.4.1_450bps_sup/fastq/NAA10_2_75021.fastq.gz
NAA10_2_93785	006_20230322_FAME3_NAA10_Ilaria	results/ont-guppy_6.4.6/006_20230322_FAME3_NAA10_Ilaria/dna_r9.4.1_450bps_sup/fastq/NAA10_2_93785.fastq.gz
NAA10_2_fet_brain	006_20230322_FAME3_NAA10_Ilaria	results/ont-guppy_6.4.6/006_20230322_FAME3_NAA10_Ilaria/dna_r9.4.1_450bps_sup/fastq/NAA10_2_fet_brain.fastq.gz
NIPBL_M94947	006_20230322_FAME3_NAA10_Ilaria	results/ont-guppy_6.4.6/006_20230322_FAME3_NAA10_Ilaria/dna_r9.4.1_450bps_sup/fastq/NIPBL_M94947.fastq.gz
NIPBL_ctrl	006_20230322_FAME3_NAA10_Ilaria	results/ont-guppy_6.4.6/006_20230322_FAME3_NAA10_Ilaria/dna_r9.4.1_450bps_sup/fastq/NIPBL_ctrl.fastq.gz
PAD17_B_77030	006_20230322_FAME3_NAA10_Ilaria	results/ont-guppy_6.4.6/006_20230322_FAME3_NAA10_Ilaria/dna_r9.4.1_450bps_sup/fastq/PAD17_B_77030.fastq.gz
PAY002_B_77507	006_20230322_FAME3_NAA10_Ilaria	results/ont-guppy_6.4.6/006_20230322_FAME3_NAA10_Ilaria/dna_r9.4.1_450bps_sup/fastq/PAY002_B_77507.fastq.gz
PAY004_B_92467	006_20230322_FAME3_NAA10_Ilaria	results/ont-guppy_6.4.6/006_20230322_FAME3_NAA10_Ilaria/dna_r9.4.1_450bps_sup/fastq/PAY004_B_92467.fastq.gz
PAY005_B_92468	006_20230322_FAME3_NAA10_Ilaria	results/ont-guppy_6.4.6/006_20230322_FAME3_NAA10_Ilaria/dna_r9.4.1_450bps_sup/fastq/PAY005_B_92468.fastq.gz
PAY011_B_77514	006_20230322_FAME3_NAA10_Ilaria	results/ont-guppy_6.4.6/006_20230322_FAME3_NAA10_Ilaria/dna_r9.4.1_450bps_sup/fastq/PAY011_B_77514.fastq.gz
PAY023_B_77525	006_20230322_FAME3_NAA10_Ilaria	results/ont-guppy_6.4.6/006_20230322_FAME3_NAA10_Ilaria/dna_r9.4.1_450bps_sup/fastq/PAY023_B_77525.fastq.gz
PAY024_B_77527	006_20230322_FAME3_NAA10_Ilaria	results/ont-guppy_6.4.6/006_20230322_FAME3_NAA10_Ilaria/dna_r9.4.1_450bps_sup/fastq/PAY024_B_77527.fastq.gz
PAY028_B_77531	006_20230322_FAME3_NAA10_Ilaria	results/ont-guppy_6.4.6/006_20230322_FAME3_NAA10_Ilaria/dna_r9.4.1_450bps_sup/fastq/PAY028_B_77531.fastq.gz
PAY031_B_77534	006_20230322_FAME3_NAA10_Ilaria	results/ont-guppy_6.4.6/006_20230322_FAME3_NAA10_Ilaria/dna_r9.4.1_450bps_sup/fastq/PAY031_B_77534.fastq.gz
PAY034_B_77537	006_20230322_FAME3_NAA10_Ilaria	results/ont-guppy_6.4.6/006_20230322_FAME3_NAA10_Ilaria/dna_r9.4.1_450bps_sup/fastq/PAY034_B_77537.fastq.gz
PAY037_B_77540	006_20230322_FAME3_NAA10_Ilaria	results/ont-guppy_6.4.6/006_20230322_FAME3_NAA10_Ilaria/dna_r9.4.1_450bps_sup/fastq/PAY037_B_77540.fastq.gz
PAY039_B_77542	006_20230322_FAME3_NAA10_Ilaria	results/ont-guppy_6.4.6/006_20230322_FAME3_NAA10_Ilaria/dna_r9.4.1_450bps_sup/fastq/PAY039_B_77542.fastq.gz
VA33_214_Cereb_87354	006_20230322_FAME3_NAA10_Ilaria	results/ont-guppy_6.4.6/006_20230322_FAME3_NAA10_Ilaria/dna_r9.4.1_450bps_sup/fastq/VA33_214_Cereb_87354.fastq.gz
