new_name	current_sample_name	run	fastq
2-IV-16_blood	LEC013	001_20220412_FAME3	results/ont-guppy_6.4.6/001_20220412_FAME3/dna_r9.4.1_450bps_sup/fastq/LEC013.fastq.gz
2-IV-18_blood	LEC015	001_20220412_FAME3	results/ont-guppy_6.4.6/001_20220412_FAME3/dna_r9.4.1_450bps_sup/fastq/LEC015.fastq.gz
2-IV-2_blood	LEC019	001_20220412_FAME3	results/ont-guppy_6.4.6/001_20220412_FAME3/dna_r9.4.1_450bps_sup/fastq/LEC019.fastq.gz
2-IV-9_blood	LEC022	001_20220412_FAME3	results/ont-guppy_6.4.6/001_20220412_FAME3/dna_r9.4.1_450bps_sup/fastq/LEC022.fastq.gz
2-V-22_blood	LEC035	001_20220412_FAME3	results/ont-guppy_6.4.6/001_20220412_FAME3/dna_r9.4.1_450bps_sup/fastq/LEC035.fastq.gz
2-V-1_blood	LEC040	001_20220412_FAME3	results/ont-guppy_6.4.6/001_20220412_FAME3/dna_r9.4.1_450bps_sup/fastq/LEC040.fastq.gz
2-V-8_blood	LEC043	001_20220412_FAME3	results/ont-guppy_6.4.6/001_20220412_FAME3/dna_r9.4.1_450bps_sup/fastq/LEC043.fastq.gz
	LEC043_F1-R1	001_20220412_FAME3	results/ont-guppy_6.4.6/001_20220412_FAME3/dna_r9.4.1_450bps_sup/fastq/LEC043_F1-R1.fastq.gz
2-V-20_blood	LEC046	001_20220412_FAME3	results/ont-guppy_6.4.6/001_20220412_FAME3/dna_r9.4.1_450bps_sup/fastq/LEC046.fastq.gz
2-V-9_blood	LEC048	001_20220412_FAME3	results/ont-guppy_6.4.6/001_20220412_FAME3/dna_r9.4.1_450bps_sup/fastq/LEC048.fastq.gz
3-II-7_blood	M00_234	001_20220412_FAME3	results/ont-guppy_6.4.6/001_20220412_FAME3/dna_r9.4.1_450bps_sup/fastq/M00_234.fastq.gz
1-III-10_blood	PAY002	001_20220412_FAME3	results/ont-guppy_6.4.6/001_20220412_FAME3/dna_r9.4.1_450bps_sup/fastq/PAY002.fastq.gz
1-IV-6_blood	PAY004	001_20220412_FAME3	results/ont-guppy_6.4.6/001_20220412_FAME3/dna_r9.4.1_450bps_sup/fastq/PAY004.fastq.gz
1-IV-8_blood	PAY005	001_20220412_FAME3	results/ont-guppy_6.4.6/001_20220412_FAME3/dna_r9.4.1_450bps_sup/fastq/PAY005.fastq.gz
	PAY005_F1-R1	001_20220412_FAME3	results/ont-guppy_6.4.6/001_20220412_FAME3/dna_r9.4.1_450bps_sup/fastq/PAY005_F1-R1.fastq.gz
1-III-16_blood	PAY011	001_20220412_FAME3	results/ont-guppy_6.4.6/001_20220412_FAME3/dna_r9.4.1_450bps_sup/fastq/PAY011.fastq.gz
1-III-13_blood	PAY013	001_20220412_FAME3	results/ont-guppy_6.4.6/001_20220412_FAME3/dna_r9.4.1_450bps_sup/fastq/PAY013.fastq.gz
1-IV-9_blood	PAY015	001_20220412_FAME3	results/ont-guppy_6.4.6/001_20220412_FAME3/dna_r9.4.1_450bps_sup/fastq/PAY015.fastq.gz
1-IV-11_blood	PAY016	001_20220412_FAME3	results/ont-guppy_6.4.6/001_20220412_FAME3/dna_r9.4.1_450bps_sup/fastq/PAY016.fastq.gz
1-IV-12_blood	PAY017	001_20220412_FAME3	results/ont-guppy_6.4.6/001_20220412_FAME3/dna_r9.4.1_450bps_sup/fastq/PAY017.fastq.gz
1-V-6_blood	PAY023	001_20220412_FAME3	results/ont-guppy_6.4.6/001_20220412_FAME3/dna_r9.4.1_450bps_sup/fastq/PAY023.fastq.gz
1-III-20_blood	PAY031	001_20220412_FAME3	results/ont-guppy_6.4.6/001_20220412_FAME3/dna_r9.4.1_450bps_sup/fastq/PAY031.fastq.gz
1-IV-21_blood	PAY039	001_20220412_FAME3	results/ont-guppy_6.4.6/001_20220412_FAME3/dna_r9.4.1_450bps_sup/fastq/PAY039.fastq.gz
1-V-7_blood	PAY100	001_20220412_FAME3	results/ont-guppy_6.4.6/001_20220412_FAME3/dna_r9.4.1_450bps_sup/fastq/PAY100.fastq.gz
1-III-3_blood	Pad213_17	001_20220412_FAME3	results/ont-guppy_6.4.6/001_20220412_FAME3/dna_r9.4.1_450bps_sup/fastq/Pad213_17.fastq.gz
3-IV-2_blood	VA33_211	001_20220412_FAME3	results/ont-guppy_6.4.6/001_20220412_FAME3/dna_r9.4.1_450bps_sup/fastq/VA33_211.fastq.gz
	VA33_211_F1-R1	001_20220412_FAME3	results/ont-guppy_6.4.6/001_20220412_FAME3/dna_r9.4.1_450bps_sup/fastq/VA33_211_F1-R1.fastq.gz
3-III-5_blood	VA33_213	001_20220412_FAME3	results/ont-guppy_6.4.6/001_20220412_FAME3/dna_r9.4.1_450bps_sup/fastq/VA33_213.fastq.gz
3-III-20_blood	VA33_228	001_20220412_FAME3	results/ont-guppy_6.4.6/001_20220412_FAME3/dna_r9.4.1_450bps_sup/fastq/VA33_228.fastq.gz
3-IV-5_blood	VA33_235	001_20220412_FAME3	results/ont-guppy_6.4.6/001_20220412_FAME3/dna_r9.4.1_450bps_sup/fastq/VA33_235.fastq.gz
	DAB1_B_80006	004_20221019_FAME3_DAB1_FGF14_SCA8	results/ont-guppy_6.4.6/004_20221019_FAME3_DAB1_FGF14_SCA8/dna_r9.4.1_450bps_sup/fastq/DAB1_B_80006.fastq.gz
	DAB1_B_80330	004_20221019_FAME3_DAB1_FGF14_SCA8	results/ont-guppy_6.4.6/004_20221019_FAME3_DAB1_FGF14_SCA8/dna_r9.4.1_450bps_sup/fastq/DAB1_B_80330.fastq.gz
	DAB1_B_80331	004_20221019_FAME3_DAB1_FGF14_SCA8	results/ont-guppy_6.4.6/004_20221019_FAME3_DAB1_FGF14_SCA8/dna_r9.4.1_450bps_sup/fastq/DAB1_B_80331.fastq.gz
	DAB1_B_80332	004_20221019_FAME3_DAB1_FGF14_SCA8	results/ont-guppy_6.4.6/004_20221019_FAME3_DAB1_FGF14_SCA8/dna_r9.4.1_450bps_sup/fastq/DAB1_B_80332.fastq.gz
	DAB1_B_81206	004_20221019_FAME3_DAB1_FGF14_SCA8	results/ont-guppy_6.4.6/004_20221019_FAME3_DAB1_FGF14_SCA8/dna_r9.4.1_450bps_sup/fastq/DAB1_B_81206.fastq.gz
	DAB1_B_81378	004_20221019_FAME3_DAB1_FGF14_SCA8	results/ont-guppy_6.4.6/004_20221019_FAME3_DAB1_FGF14_SCA8/dna_r9.4.1_450bps_sup/fastq/DAB1_B_81378.fastq.gz
	DAB1_B_81532	004_20221019_FAME3_DAB1_FGF14_SCA8	results/ont-guppy_6.4.6/004_20221019_FAME3_DAB1_FGF14_SCA8/dna_r9.4.1_450bps_sup/fastq/DAB1_B_81532.fastq.gz
	DAB1_B_83067	004_20221019_FAME3_DAB1_FGF14_SCA8	results/ont-guppy_6.4.6/004_20221019_FAME3_DAB1_FGF14_SCA8/dna_r9.4.1_450bps_sup/fastq/DAB1_B_83067.fastq.gz
	DAB1_B_83220	004_20221019_FAME3_DAB1_FGF14_SCA8	results/ont-guppy_6.4.6/004_20221019_FAME3_DAB1_FGF14_SCA8/dna_r9.4.1_450bps_sup/fastq/DAB1_B_83220.fastq.gz
	DAB1_B_83825	004_20221019_FAME3_DAB1_FGF14_SCA8	results/ont-guppy_6.4.6/004_20221019_FAME3_DAB1_FGF14_SCA8/dna_r9.4.1_450bps_sup/fastq/DAB1_B_83825.fastq.gz
	DAB1_B_87964	004_20221019_FAME3_DAB1_FGF14_SCA8	results/ont-guppy_6.4.6/004_20221019_FAME3_DAB1_FGF14_SCA8/dna_r9.4.1_450bps_sup/fastq/DAB1_B_87964.fastq.gz
	DAB1_B_91757	004_20221019_FAME3_DAB1_FGF14_SCA8	results/ont-guppy_6.4.6/004_20221019_FAME3_DAB1_FGF14_SCA8/dna_r9.4.1_450bps_sup/fastq/DAB1_B_91757.fastq.gz
	DAB1_B_91758	004_20221019_FAME3_DAB1_FGF14_SCA8	results/ont-guppy_6.4.6/004_20221019_FAME3_DAB1_FGF14_SCA8/dna_r9.4.1_450bps_sup/fastq/DAB1_B_91758.fastq.gz
	FGF14_CD_79607	004_20221019_FAME3_DAB1_FGF14_SCA8	results/ont-guppy_6.4.6/004_20221019_FAME3_DAB1_FGF14_SCA8/dna_r9.4.1_450bps_sup/fastq/FGF14_CD_79607.fastq.gz
	FGF14_CD_80332	004_20221019_FAME3_DAB1_FGF14_SCA8	results/ont-guppy_6.4.6/004_20221019_FAME3_DAB1_FGF14_SCA8/dna_r9.4.1_450bps_sup/fastq/FGF14_CD_80332.fastq.gz
	FGF14_CD_81356	004_20221019_FAME3_DAB1_FGF14_SCA8	results/ont-guppy_6.4.6/004_20221019_FAME3_DAB1_FGF14_SCA8/dna_r9.4.1_450bps_sup/fastq/FGF14_CD_81356.fastq.gz
	FGF14_CD_83825	004_20221019_FAME3_DAB1_FGF14_SCA8	results/ont-guppy_6.4.6/004_20221019_FAME3_DAB1_FGF14_SCA8/dna_r9.4.1_450bps_sup/fastq/FGF14_CD_83825.fastq.gz
	FGF14_CD_90982	004_20221019_FAME3_DAB1_FGF14_SCA8	results/ont-guppy_6.4.6/004_20221019_FAME3_DAB1_FGF14_SCA8/dna_r9.4.1_450bps_sup/fastq/FGF14_CD_90982.fastq.gz
	FGF14_CD_91143	004_20221019_FAME3_DAB1_FGF14_SCA8	results/ont-guppy_6.4.6/004_20221019_FAME3_DAB1_FGF14_SCA8/dna_r9.4.1_450bps_sup/fastq/FGF14_CD_91143.fastq.gz
	FGF14_CD_91231	004_20221019_FAME3_DAB1_FGF14_SCA8	results/ont-guppy_6.4.6/004_20221019_FAME3_DAB1_FGF14_SCA8/dna_r9.4.1_450bps_sup/fastq/FGF14_CD_91231.fastq.gz
	GFG14_Paul_79607	004_20221019_FAME3_DAB1_FGF14_SCA8	results/ont-guppy_6.4.6/004_20221019_FAME3_DAB1_FGF14_SCA8/dna_r9.4.1_450bps_sup/fastq/GFG14_Paul_79607.fastq.gz
2-IV-16_blood	LEC_013_B_74972	004_20221019_FAME3_DAB1_FGF14_SCA8	results/ont-guppy_6.4.6/004_20221019_FAME3_DAB1_FGF14_SCA8/dna_r9.4.1_450bps_sup/fastq/LEC_013_B_74972.fastq.gz
2-IV-16_blood	LEC_013_B_77578	004_20221019_FAME3_DAB1_FGF14_SCA8	results/ont-guppy_6.4.6/004_20221019_FAME3_DAB1_FGF14_SCA8/dna_r9.4.1_450bps_sup/fastq/LEC_013_B_77578.fastq.gz
2-IV-18_blood	LEC_015_B_74979	004_20221019_FAME3_DAB1_FGF14_SCA8	results/ont-guppy_6.4.6/004_20221019_FAME3_DAB1_FGF14_SCA8/dna_r9.4.1_450bps_sup/fastq/LEC_015_B_74979.fastq.gz
2-IV-18_blood	LEC_015_B_77579	004_20221019_FAME3_DAB1_FGF14_SCA8	results/ont-guppy_6.4.6/004_20221019_FAME3_DAB1_FGF14_SCA8/dna_r9.4.1_450bps_sup/fastq/LEC_015_B_77579.fastq.gz
2-IV-2_blood	LEC_019_B_74957	004_20221019_FAME3_DAB1_FGF14_SCA8	results/ont-guppy_6.4.6/004_20221019_FAME3_DAB1_FGF14_SCA8/dna_r9.4.1_450bps_sup/fastq/LEC_019_B_74957.fastq.gz
2-IV-2_blood	LEC_019_B_77571	004_20221019_FAME3_DAB1_FGF14_SCA8	results/ont-guppy_6.4.6/004_20221019_FAME3_DAB1_FGF14_SCA8/dna_r9.4.1_450bps_sup/fastq/LEC_019_B_77571.fastq.gz
2-IV-9_blood	LEC_022_B_74959	004_20221019_FAME3_DAB1_FGF14_SCA8	results/ont-guppy_6.4.6/004_20221019_FAME3_DAB1_FGF14_SCA8/dna_r9.4.1_450bps_sup/fastq/LEC_022_B_74959.fastq.gz
2-IV-9_blood	LEC_022_B_77567	004_20221019_FAME3_DAB1_FGF14_SCA8	results/ont-guppy_6.4.6/004_20221019_FAME3_DAB1_FGF14_SCA8/dna_r9.4.1_450bps_sup/fastq/LEC_022_B_77567.fastq.gz
2-IV-9_fibroblasts	LEC_022_F_88611_P5	004_20221019_FAME3_DAB1_FGF14_SCA8	results/ont-guppy_6.4.6/004_20221019_FAME3_DAB1_FGF14_SCA8/dna_r9.4.1_450bps_sup/fastq/LEC_022_F_88611_P5.fastq.gz
2-IV-9_fibroblasts	LEC_022_F_88612_P2	004_20221019_FAME3_DAB1_FGF14_SCA8	results/ont-guppy_6.4.6/004_20221019_FAME3_DAB1_FGF14_SCA8/dna_r9.4.1_450bps_sup/fastq/LEC_022_F_88612_P2.fastq.gz
2-V-22_blood	LEC_035_B_74980	004_20221019_FAME3_DAB1_FGF14_SCA8	results/ont-guppy_6.4.6/004_20221019_FAME3_DAB1_FGF14_SCA8/dna_r9.4.1_450bps_sup/fastq/LEC_035_B_74980.fastq.gz
2-V-22_blood	LEC_035_B_77580	004_20221019_FAME3_DAB1_FGF14_SCA8	results/ont-guppy_6.4.6/004_20221019_FAME3_DAB1_FGF14_SCA8/dna_r9.4.1_450bps_sup/fastq/LEC_035_B_77580.fastq.gz
2-V-1_blood	LEC_040_B_74958	004_20221019_FAME3_DAB1_FGF14_SCA8	results/ont-guppy_6.4.6/004_20221019_FAME3_DAB1_FGF14_SCA8/dna_r9.4.1_450bps_sup/fastq/LEC_040_B_74958.fastq.gz
2-V-1_blood	LEC_040_B_77566	004_20221019_FAME3_DAB1_FGF14_SCA8	results/ont-guppy_6.4.6/004_20221019_FAME3_DAB1_FGF14_SCA8/dna_r9.4.1_450bps_sup/fastq/LEC_040_B_77566.fastq.gz
	LEC_043_B_74968	004_20221019_FAME3_DAB1_FGF14_SCA8	results/ont-guppy_6.4.6/004_20221019_FAME3_DAB1_FGF14_SCA8/dna_r9.4.1_450bps_sup/fastq/LEC_043_B_74968.fastq.gz
2-V-8_blood	LEC_043_B_77565	004_20221019_FAME3_DAB1_FGF14_SCA8	results/ont-guppy_6.4.6/004_20221019_FAME3_DAB1_FGF14_SCA8/dna_r9.4.1_450bps_sup/fastq/LEC_043_B_77565.fastq.gz
2-V-20_blood	LEC_046_B_74973	004_20221019_FAME3_DAB1_FGF14_SCA8	results/ont-guppy_6.4.6/004_20221019_FAME3_DAB1_FGF14_SCA8/dna_r9.4.1_450bps_sup/fastq/LEC_046_B_74973.fastq.gz
2-V-20_blood	LEC_046_B_77577	004_20221019_FAME3_DAB1_FGF14_SCA8	results/ont-guppy_6.4.6/004_20221019_FAME3_DAB1_FGF14_SCA8/dna_r9.4.1_450bps_sup/fastq/LEC_046_B_77577.fastq.gz
2-V-9_blood	LEC_048_B_76990	004_20221019_FAME3_DAB1_FGF14_SCA8	results/ont-guppy_6.4.6/004_20221019_FAME3_DAB1_FGF14_SCA8/dna_r9.4.1_450bps_sup/fastq/LEC_048_B_76990.fastq.gz
3-II-7_blood	M00_234_B_87815	004_20221019_FAME3_DAB1_FGF14_SCA8	results/ont-guppy_6.4.6/004_20221019_FAME3_DAB1_FGF14_SCA8/dna_r9.4.1_450bps_sup/fastq/M00_234_B_87815.fastq.gz
5-IV-6_blood	MUH_001_B_92504	004_20221019_FAME3_DAB1_FGF14_SCA8	results/ont-guppy_6.4.6/004_20221019_FAME3_DAB1_FGF14_SCA8/dna_r9.4.1_450bps_sup/fastq/MUH_001_B_92504.fastq.gz
5-IV-7_blood	MUH_005_B_92701	004_20221019_FAME3_DAB1_FGF14_SCA8	results/ont-guppy_6.4.6/004_20221019_FAME3_DAB1_FGF14_SCA8/dna_r9.4.1_450bps_sup/fastq/MUH_005_B_92701.fastq.gz
5-IV-8_blood	MUH_006_B_92507	004_20221019_FAME3_DAB1_FGF14_SCA8	results/ont-guppy_6.4.6/004_20221019_FAME3_DAB1_FGF14_SCA8/dna_r9.4.1_450bps_sup/fastq/MUH_006_B_92507.fastq.gz
5-V-8_blood	MUH_012_B_92530	004_20221019_FAME3_DAB1_FGF14_SCA8	results/ont-guppy_6.4.6/004_20221019_FAME3_DAB1_FGF14_SCA8/dna_r9.4.1_450bps_sup/fastq/MUH_012_B_92530.fastq.gz
5-V-9_blood	MUH_013_B_92531	004_20221019_FAME3_DAB1_FGF14_SCA8	results/ont-guppy_6.4.6/004_20221019_FAME3_DAB1_FGF14_SCA8/dna_r9.4.1_450bps_sup/fastq/MUH_013_B_92531.fastq.gz
5-V-15_blood	MUH_019_B_92516	004_20221019_FAME3_DAB1_FGF14_SCA8	results/ont-guppy_6.4.6/004_20221019_FAME3_DAB1_FGF14_SCA8/dna_r9.4.1_450bps_sup/fastq/MUH_019_B_92516.fastq.gz
	PAY002_MSH_92460	004_20221019_FAME3_DAB1_FGF14_SCA8	results/ont-guppy_6.4.6/004_20221019_FAME3_DAB1_FGF14_SCA8/dna_r9.4.1_450bps_sup/fastq/PAY002_MSH_92460.fastq.gz
1-IV-6_blood	PAY004_B_92467	004_20221019_FAME3_DAB1_FGF14_SCA8	results/ont-guppy_6.4.6/004_20221019_FAME3_DAB1_FGF14_SCA8/dna_r9.4.1_450bps_sup/fastq/PAY004_B_92467.fastq.gz
1-IV-6_fibroblasts	PAY004_F_75347	004_20221019_FAME3_DAB1_FGF14_SCA8	results/ont-guppy_6.4.6/004_20221019_FAME3_DAB1_FGF14_SCA8/dna_r9.4.1_450bps_sup/fastq/PAY004_F_75347.fastq.gz
1-IV-6_MSH	PAY004_MSH_92461	004_20221019_FAME3_DAB1_FGF14_SCA8	results/ont-guppy_6.4.6/004_20221019_FAME3_DAB1_FGF14_SCA8/dna_r9.4.1_450bps_sup/fastq/PAY004_MSH_92461.fastq.gz
1-IV-8_blood	PAY005_B_92468	004_20221019_FAME3_DAB1_FGF14_SCA8	results/ont-guppy_6.4.6/004_20221019_FAME3_DAB1_FGF14_SCA8/dna_r9.4.1_450bps_sup/fastq/PAY005_B_92468.fastq.gz
1-IV-8_fibroblasts	PAY005_F_78774	004_20221019_FAME3_DAB1_FGF14_SCA8	results/ont-guppy_6.4.6/004_20221019_FAME3_DAB1_FGF14_SCA8/dna_r9.4.1_450bps_sup/fastq/PAY005_F_78774.fastq.gz
1-IV-8_MSH	PAY005_MSH_92462	004_20221019_FAME3_DAB1_FGF14_SCA8	results/ont-guppy_6.4.6/004_20221019_FAME3_DAB1_FGF14_SCA8/dna_r9.4.1_450bps_sup/fastq/PAY005_MSH_92462.fastq.gz
1-III-16_MSH	PAY011_MSH_92463	004_20221019_FAME3_DAB1_FGF14_SCA8	results/ont-guppy_6.4.6/004_20221019_FAME3_DAB1_FGF14_SCA8/dna_r9.4.1_450bps_sup/fastq/PAY011_MSH_92463.fastq.gz
1-III-13_MSH	PAY011_MSH_92464	004_20221019_FAME3_DAB1_FGF14_SCA8	results/ont-guppy_6.4.6/004_20221019_FAME3_DAB1_FGF14_SCA8/dna_r9.4.1_450bps_sup/fastq/PAY011_MSH_92464.fastq.gz
1-IV-9_blood	PAY015_B_92465	004_20221019_FAME3_DAB1_FGF14_SCA8	results/ont-guppy_6.4.6/004_20221019_FAME3_DAB1_FGF14_SCA8/dna_r9.4.1_450bps_sup/fastq/PAY015_B_92465.fastq.gz
1-IV-9_fibroblasts	PAY015_F_75303	004_20221019_FAME3_DAB1_FGF14_SCA8	results/ont-guppy_6.4.6/004_20221019_FAME3_DAB1_FGF14_SCA8/dna_r9.4.1_450bps_sup/fastq/PAY015_F_75303.fastq.gz
1-IV-9_MSH	PAY015_MSH_92466	004_20221019_FAME3_DAB1_FGF14_SCA8	results/ont-guppy_6.4.6/004_20221019_FAME3_DAB1_FGF14_SCA8/dna_r9.4.1_450bps_sup/fastq/PAY015_MSH_92466.fastq.gz
1-IV-11_blood	PAY016_B_92469	004_20221019_FAME3_DAB1_FGF14_SCA8	results/ont-guppy_6.4.6/004_20221019_FAME3_DAB1_FGF14_SCA8/dna_r9.4.1_450bps_sup/fastq/PAY016_B_92469.fastq.gz
1-IV-11_fibroblasts	PAY016_F_75252	004_20221019_FAME3_DAB1_FGF14_SCA8	results/ont-guppy_6.4.6/004_20221019_FAME3_DAB1_FGF14_SCA8/dna_r9.4.1_450bps_sup/fastq/PAY016_F_75252.fastq.gz
1-IV-11_MSH	PAY016_MSH_92470	004_20221019_FAME3_DAB1_FGF14_SCA8	results/ont-guppy_6.4.6/004_20221019_FAME3_DAB1_FGF14_SCA8/dna_r9.4.1_450bps_sup/fastq/PAY016_MSH_92470.fastq.gz
1-IV-12_blood	PAY017_B_90618	004_20221019_FAME3_DAB1_FGF14_SCA8	results/ont-guppy_6.4.6/004_20221019_FAME3_DAB1_FGF14_SCA8/dna_r9.4.1_450bps_sup/fastq/PAY017_B_90618.fastq.gz
1-IV-12_MSH	PAY017_MSH_92681	004_20221019_FAME3_DAB1_FGF14_SCA8	results/ont-guppy_6.4.6/004_20221019_FAME3_DAB1_FGF14_SCA8/dna_r9.4.1_450bps_sup/fastq/PAY017_MSH_92681.fastq.gz
1-III-31_blood	PAY024_B_77518_Run001	004_20221019_FAME3_DAB1_FGF14_SCA8	results/ont-guppy_6.4.6/004_20221019_FAME3_DAB1_FGF14_SCA8/dna_r9.4.1_450bps_sup/fastq/PAY024_B_77518_Run001.fastq.gz
1-III-31_blood	PAY024_B_77527	004_20221019_FAME3_DAB1_FGF14_SCA8	results/ont-guppy_6.4.6/004_20221019_FAME3_DAB1_FGF14_SCA8/dna_r9.4.1_450bps_sup/fastq/PAY024_B_77527.fastq.gz
1-III-31_MSH	PAY024_MSH_92481	004_20221019_FAME3_DAB1_FGF14_SCA8	results/ont-guppy_6.4.6/004_20221019_FAME3_DAB1_FGF14_SCA8/dna_r9.4.1_450bps_sup/fastq/PAY024_MSH_92481.fastq.gz
1-IV-15_blood	PAY027_B_77530	004_20221019_FAME3_DAB1_FGF14_SCA8	results/ont-guppy_6.4.6/004_20221019_FAME3_DAB1_FGF14_SCA8/dna_r9.4.1_450bps_sup/fastq/PAY027_B_77530.fastq.gz
	PAY027_B_77530_Run001	004_20221019_FAME3_DAB1_FGF14_SCA8	results/ont-guppy_6.4.6/004_20221019_FAME3_DAB1_FGF14_SCA8/dna_r9.4.1_450bps_sup/fastq/PAY027_B_77530_Run001.fastq.gz
1-IV-15_MSH	PAY027_MSH_90620	004_20221019_FAME3_DAB1_FGF14_SCA8	results/ont-guppy_6.4.6/004_20221019_FAME3_DAB1_FGF14_SCA8/dna_r9.4.1_450bps_sup/fastq/PAY027_MSH_90620.fastq.gz
1-III-23_blood	PAY028_B_77531	004_20221019_FAME3_DAB1_FGF14_SCA8	results/ont-guppy_6.4.6/004_20221019_FAME3_DAB1_FGF14_SCA8/dna_r9.4.1_450bps_sup/fastq/PAY028_B_77531.fastq.gz
	PAY028_B_77531_Run001	004_20221019_FAME3_DAB1_FGF14_SCA8	results/ont-guppy_6.4.6/004_20221019_FAME3_DAB1_FGF14_SCA8/dna_r9.4.1_450bps_sup/fastq/PAY028_B_77531_Run001.fastq.gz
1-III-23_MSH	PAY028_MSH_92484	004_20221019_FAME3_DAB1_FGF14_SCA8	results/ont-guppy_6.4.6/004_20221019_FAME3_DAB1_FGF14_SCA8/dna_r9.4.1_450bps_sup/fastq/PAY028_MSH_92484.fastq.gz
1-III-20_MSH	PAY031_MSH_92486	004_20221019_FAME3_DAB1_FGF14_SCA8	results/ont-guppy_6.4.6/004_20221019_FAME3_DAB1_FGF14_SCA8/dna_r9.4.1_450bps_sup/fastq/PAY031_MSH_92486.fastq.gz
1-III-28_blood	PAY034_B_77537	004_20221019_FAME3_DAB1_FGF14_SCA8	results/ont-guppy_6.4.6/004_20221019_FAME3_DAB1_FGF14_SCA8/dna_r9.4.1_450bps_sup/fastq/PAY034_B_77537.fastq.gz
	PAY034_B_77537_Run001	004_20221019_FAME3_DAB1_FGF14_SCA8	results/ont-guppy_6.4.6/004_20221019_FAME3_DAB1_FGF14_SCA8/dna_r9.4.1_450bps_sup/fastq/PAY034_B_77537_Run001.fastq.gz
1-III-22_blood	PAY037_B_77540	004_20221019_FAME3_DAB1_FGF14_SCA8	results/ont-guppy_6.4.6/004_20221019_FAME3_DAB1_FGF14_SCA8/dna_r9.4.1_450bps_sup/fastq/PAY037_B_77540.fastq.gz
1-III-22_blood	PAY037_B_77540_Run001	004_20221019_FAME3_DAB1_FGF14_SCA8	results/ont-guppy_6.4.6/004_20221019_FAME3_DAB1_FGF14_SCA8/dna_r9.4.1_450bps_sup/fastq/PAY037_B_77540_Run001.fastq.gz
1-IV-9_blood	Pay15_nach_Size_Selection	004_20221019_FAME3_DAB1_FGF14_SCA8	results/ont-guppy_6.4.6/004_20221019_FAME3_DAB1_FGF14_SCA8/dna_r9.4.1_450bps_sup/fastq/Pay15_nach_Size_Selection.fastq.gz
	SCA8_B_73129	004_20221019_FAME3_DAB1_FGF14_SCA8	results/ont-guppy_6.4.6/004_20221019_FAME3_DAB1_FGF14_SCA8/dna_r9.4.1_450bps_sup/fastq/SCA8_B_73129.fastq.gz
3-IV-8_blood	VA33_008_B_80321	004_20221019_FAME3_DAB1_FGF14_SCA8	results/ont-guppy_6.4.6/004_20221019_FAME3_DAB1_FGF14_SCA8/dna_r9.4.1_450bps_sup/fastq/VA33_008_B_80321.fastq.gz
3-IV-8_blood	VA33_008_B_80321_Run001	004_20221019_FAME3_DAB1_FGF14_SCA8	results/ont-guppy_6.4.6/004_20221019_FAME3_DAB1_FGF14_SCA8/dna_r9.4.1_450bps_sup/fastq/VA33_008_B_80321_Run001.fastq.gz
3-IV-2_blood	VA33_211_B_87809	004_20221019_FAME3_DAB1_FGF14_SCA8	results/ont-guppy_6.4.6/004_20221019_FAME3_DAB1_FGF14_SCA8/dna_r9.4.1_450bps_sup/fastq/VA33_211_B_87809.fastq.gz
3-III-5_blood	VA33_213_B_87814	004_20221019_FAME3_DAB1_FGF14_SCA8	results/ont-guppy_6.4.6/004_20221019_FAME3_DAB1_FGF14_SCA8/dna_r9.4.1_450bps_sup/fastq/VA33_213_B_87814.fastq.gz
3-III-10_brain	VA33_214_cerbellum_87354	004_20221019_FAME3_DAB1_FGF14_SCA8	results/ont-guppy_6.4.6/004_20221019_FAME3_DAB1_FGF14_SCA8/dna_r9.4.1_450bps_sup/fastq/VA33_214_cerbellum_87354.fastq.gz
3-III-10_brain	VA33_214_cortex_87353	004_20221019_FAME3_DAB1_FGF14_SCA8	results/ont-guppy_6.4.6/004_20221019_FAME3_DAB1_FGF14_SCA8/dna_r9.4.1_450bps_sup/fastq/VA33_214_cortex_87353.fastq.gz
3-III-10_brain	VA33_214_frontal_87352	004_20221019_FAME3_DAB1_FGF14_SCA8	results/ont-guppy_6.4.6/004_20221019_FAME3_DAB1_FGF14_SCA8/dna_r9.4.1_450bps_sup/fastq/VA33_214_frontal_87352.fastq.gz
3-II-3_blood	VA33_217_B_87810	004_20221019_FAME3_DAB1_FGF14_SCA8	results/ont-guppy_6.4.6/004_20221019_FAME3_DAB1_FGF14_SCA8/dna_r9.4.1_450bps_sup/fastq/VA33_217_B_87810.fastq.gz
3-II-3_blood	VA33_217_B_87810_Run001	004_20221019_FAME3_DAB1_FGF14_SCA8	results/ont-guppy_6.4.6/004_20221019_FAME3_DAB1_FGF14_SCA8/dna_r9.4.1_450bps_sup/fastq/VA33_217_B_87810_Run001.fastq.gz
3-II-3_brain	VA33_217_cerebellum_75080	004_20221019_FAME3_DAB1_FGF14_SCA8	results/ont-guppy_6.4.6/004_20221019_FAME3_DAB1_FGF14_SCA8/dna_r9.4.1_450bps_sup/fastq/VA33_217_cerebellum_75080.fastq.gz
3-III-20_blood	VA33_228_B_87813	004_20221019_FAME3_DAB1_FGF14_SCA8	results/ont-guppy_6.4.6/004_20221019_FAME3_DAB1_FGF14_SCA8/dna_r9.4.1_450bps_sup/fastq/VA33_228_B_87813.fastq.gz
3-III-4_blood	VA33_598_B_87812	004_20221019_FAME3_DAB1_FGF14_SCA8	results/ont-guppy_6.4.6/004_20221019_FAME3_DAB1_FGF14_SCA8/dna_r9.4.1_450bps_sup/fastq/VA33_598_B_87812.fastq.gz
3-III-4_blood	VA33_598_B_87812_Run001	004_20221019_FAME3_DAB1_FGF14_SCA8	results/ont-guppy_6.4.6/004_20221019_FAME3_DAB1_FGF14_SCA8/dna_r9.4.1_450bps_sup/fastq/VA33_598_B_87812_Run001.fastq.gz
BAFME1-PM439_blood	BAFME1_PM439_D_95184	005_20230321_FAME3_NAA10_Ilaria	results/ont-guppy_6.4.6/005_20230321_FAME3_NAA10_Ilaria/dna_r9.4.1_450bps_sup/fastq/BAFME1_PM439_D_95184.fastq.gz
CAT-Y90_blood	CAT_Y90_D_95208	005_20230321_FAME3_NAA10_Ilaria	results/ont-guppy_6.4.6/005_20230321_FAME3_NAA10_Ilaria/dna_r9.4.1_450bps_sup/fastq/CAT_Y90_D_95208.fastq.gz
CAT-Y91_blood	CAT_Y91_D_95209	005_20230321_FAME3_NAA10_Ilaria	results/ont-guppy_6.4.6/005_20230321_FAME3_NAA10_Ilaria/dna_r9.4.1_450bps_sup/fastq/CAT_Y91_D_95209.fastq.gz
	CDK16_M92191	005_20230321_FAME3_NAA10_Ilaria	results/ont-guppy_6.4.6/005_20230321_FAME3_NAA10_Ilaria/dna_r9.4.1_450bps_sup/fastq/CDK16_M92191.fastq.gz
	CDK16_ctrl	005_20230321_FAME3_NAA10_Ilaria	results/ont-guppy_6.4.6/005_20230321_FAME3_NAA10_Ilaria/dna_r9.4.1_450bps_sup/fastq/CDK16_ctrl.fastq.gz
EIG-PM443_blood	EIG_PM443_D_95172	005_20230321_FAME3_NAA10_Ilaria	results/ont-guppy_6.4.6/005_20230321_FAME3_NAA10_Ilaria/dna_r9.4.1_450bps_sup/fastq/EIG_PM443_D_95172.fastq.gz
EIG-PM444_blood	EIG_PM444_D_95176_1x1_5	005_20230321_FAME3_NAA10_Ilaria	results/ont-guppy_6.4.6/005_20230321_FAME3_NAA10_Ilaria/dna_r9.4.1_450bps_sup/fastq/EIG_PM444_D_95176_1x1_5.fastq.gz
EIG-PM444_blood	EIG_PM444_D_95176_2x0_75	005_20230321_FAME3_NAA10_Ilaria	results/ont-guppy_6.4.6/005_20230321_FAME3_NAA10_Ilaria/dna_r9.4.1_450bps_sup/fastq/EIG_PM444_D_95176_2x0_75.fastq.gz
EIG-PM461_blood	EIG_PM461_D_95173_1x1_5	005_20230321_FAME3_NAA10_Ilaria	results/ont-guppy_6.4.6/005_20230321_FAME3_NAA10_Ilaria/dna_r9.4.1_450bps_sup/fastq/EIG_PM461_D_95173_1x1_5.fastq.gz
EIG-PM461_blood	EIG_PM461_D_95173_2x0_75	005_20230321_FAME3_NAA10_Ilaria	results/ont-guppy_6.4.6/005_20230321_FAME3_NAA10_Ilaria/dna_r9.4.1_450bps_sup/fastq/EIG_PM461_D_95173_2x0_75.fastq.gz
EIG-PM463_blood	EIG_PM463_D_95174_1x1_5	005_20230321_FAME3_NAA10_Ilaria	results/ont-guppy_6.4.6/005_20230321_FAME3_NAA10_Ilaria/dna_r9.4.1_450bps_sup/fastq/EIG_PM463_D_95174_1x1_5.fastq.gz
EIG-PM463_blood	EIG_PM463_D_95174_2x0_75	005_20230321_FAME3_NAA10_Ilaria	results/ont-guppy_6.4.6/005_20230321_FAME3_NAA10_Ilaria/dna_r9.4.1_450bps_sup/fastq/EIG_PM463_D_95174_2x0_75.fastq.gz
EIG-PM467_blood	EIG_PM467_D_95180_1x1_5	005_20230321_FAME3_NAA10_Ilaria	results/ont-guppy_6.4.6/005_20230321_FAME3_NAA10_Ilaria/dna_r9.4.1_450bps_sup/fastq/EIG_PM467_D_95180_1x1_5.fastq.gz
EIG-PM467_blood	EIG_PM467_D_95180_2x0_75	005_20230321_FAME3_NAA10_Ilaria	results/ont-guppy_6.4.6/005_20230321_FAME3_NAA10_Ilaria/dna_r9.4.1_450bps_sup/fastq/EIG_PM467_D_95180_2x0_75.fastq.gz
EIG-PM469_blood	EIG_PM469_D_95181_1x1_5	005_20230321_FAME3_NAA10_Ilaria	results/ont-guppy_6.4.6/005_20230321_FAME3_NAA10_Ilaria/dna_r9.4.1_450bps_sup/fastq/EIG_PM469_D_95181_1x1_5.fastq.gz
EIG-PM469_blood	EIG_PM469_D_95181_2x0_75	005_20230321_FAME3_NAA10_Ilaria	results/ont-guppy_6.4.6/005_20230321_FAME3_NAA10_Ilaria/dna_r9.4.1_450bps_sup/fastq/EIG_PM469_D_95181_2x0_75.fastq.gz
EIG-PM470_blood	EIG_PM470_D_95182_2x0_75	005_20230321_FAME3_NAA10_Ilaria	results/ont-guppy_6.4.6/005_20230321_FAME3_NAA10_Ilaria/dna_r9.4.1_450bps_sup/fastq/EIG_PM470_D_95182_2x0_75.fastq.gz
EIG-PM471_blood	EIG_PM471_D_95183_1x1_5	005_20230321_FAME3_NAA10_Ilaria	results/ont-guppy_6.4.6/005_20230321_FAME3_NAA10_Ilaria/dna_r9.4.1_450bps_sup/fastq/EIG_PM471_D_95183_1x1_5.fastq.gz
EIG-PM471_blood	EIG_PM471_D_95183_1x2_5	005_20230321_FAME3_NAA10_Ilaria	results/ont-guppy_6.4.6/005_20230321_FAME3_NAA10_Ilaria/dna_r9.4.1_450bps_sup/fastq/EIG_PM471_D_95183_1x2_5.fastq.gz
EIG-PM471_blood	EIG_PM471_D_95183_2x0_75	005_20230321_FAME3_NAA10_Ilaria	results/ont-guppy_6.4.6/005_20230321_FAME3_NAA10_Ilaria/dna_r9.4.1_450bps_sup/fastq/EIG_PM471_D_95183_2x0_75.fastq.gz
EIG-PM474_blood	EIG_PM474_D_95178_1x1_5	005_20230321_FAME3_NAA10_Ilaria	results/ont-guppy_6.4.6/005_20230321_FAME3_NAA10_Ilaria/dna_r9.4.1_450bps_sup/fastq/EIG_PM474_D_95178_1x1_5.fastq.gz
EIG-PM474_blood	EIG_PM474_D_95178_2x0_75	005_20230321_FAME3_NAA10_Ilaria	results/ont-guppy_6.4.6/005_20230321_FAME3_NAA10_Ilaria/dna_r9.4.1_450bps_sup/fastq/EIG_PM474_D_95178_2x0_75.fastq.gz
EIG-PM475_blood	EIG_PM475_D_95179_1x1_5	005_20230321_FAME3_NAA10_Ilaria	results/ont-guppy_6.4.6/005_20230321_FAME3_NAA10_Ilaria/dna_r9.4.1_450bps_sup/fastq/EIG_PM475_D_95179_1x1_5.fastq.gz
EIG-PM475_blood	EIG_PM475_D_95179_2x0_75	005_20230321_FAME3_NAA10_Ilaria	results/ont-guppy_6.4.6/005_20230321_FAME3_NAA10_Ilaria/dna_r9.4.1_450bps_sup/fastq/EIG_PM475_D_95179_2x0_75.fastq.gz
EIG-PM560_blood	EIG_PM560_D_95177_2x0_75	005_20230321_FAME3_NAA10_Ilaria	results/ont-guppy_6.4.6/005_20230321_FAME3_NAA10_Ilaria/dna_r9.4.1_450bps_sup/fastq/EIG_PM560_D_95177_2x0_75.fastq.gz
F1-PM440_blood	F1_PM440_D_95185	005_20230321_FAME3_NAA10_Ilaria	results/ont-guppy_6.4.6/005_20230321_FAME3_NAA10_Ilaria/dna_r9.4.1_450bps_sup/fastq/F1_PM440_D_95185.fastq.gz
F1-PM442_blood	F1_PM442_D_95186	005_20230321_FAME3_NAA10_Ilaria	results/ont-guppy_6.4.6/005_20230321_FAME3_NAA10_Ilaria/dna_r9.4.1_450bps_sup/fastq/F1_PM442_D_95186.fastq.gz
F1-PM456_blood	F1_PM456_D_95187	005_20230321_FAME3_NAA10_Ilaria	results/ont-guppy_6.4.6/005_20230321_FAME3_NAA10_Ilaria/dna_r9.4.1_450bps_sup/fastq/F1_PM456_D_95187.fastq.gz
F1-PM458_blood	F1_PM458_D_95188_2x0_75	005_20230321_FAME3_NAA10_Ilaria	results/ont-guppy_6.4.6/005_20230321_FAME3_NAA10_Ilaria/dna_r9.4.1_450bps_sup/fastq/F1_PM458_D_95188_2x0_75.fastq.gz
F2-PM496_blood	F2_PM496_D_95195	005_20230321_FAME3_NAA10_Ilaria	results/ont-guppy_6.4.6/005_20230321_FAME3_NAA10_Ilaria/dna_r9.4.1_450bps_sup/fastq/F2_PM496_D_95195.fastq.gz
F2-PM497_blood	F2_PM497_D_95189_1x1_5	005_20230321_FAME3_NAA10_Ilaria	results/ont-guppy_6.4.6/005_20230321_FAME3_NAA10_Ilaria/dna_r9.4.1_450bps_sup/fastq/F2_PM497_D_95189_1x1_5.fastq.gz
F2-PM497_blood	F2_PM497_D_95189_2x0_75	005_20230321_FAME3_NAA10_Ilaria	results/ont-guppy_6.4.6/005_20230321_FAME3_NAA10_Ilaria/dna_r9.4.1_450bps_sup/fastq/F2_PM497_D_95189_2x0_75.fastq.gz
F2-PM499_blood	F2_PM499_D_95190	005_20230321_FAME3_NAA10_Ilaria	results/ont-guppy_6.4.6/005_20230321_FAME3_NAA10_Ilaria/dna_r9.4.1_450bps_sup/fastq/F2_PM499_D_95190.fastq.gz
F2-PM500_blood	F2_PM500_D_95191_1x1_5	005_20230321_FAME3_NAA10_Ilaria	results/ont-guppy_6.4.6/005_20230321_FAME3_NAA10_Ilaria/dna_r9.4.1_450bps_sup/fastq/F2_PM500_D_95191_1x1_5.fastq.gz
F2-PM500_blood	F2_PM500_D_95191_1x2_5	005_20230321_FAME3_NAA10_Ilaria	results/ont-guppy_6.4.6/005_20230321_FAME3_NAA10_Ilaria/dna_r9.4.1_450bps_sup/fastq/F2_PM500_D_95191_1x2_5.fastq.gz
F2-PM500_blood	F2_PM500_D_95191_2x0_75	005_20230321_FAME3_NAA10_Ilaria	results/ont-guppy_6.4.6/005_20230321_FAME3_NAA10_Ilaria/dna_r9.4.1_450bps_sup/fastq/F2_PM500_D_95191_2x0_75.fastq.gz
F2-PM501_blood	F2_PM501_D_95192_2x0_75	005_20230321_FAME3_NAA10_Ilaria	results/ont-guppy_6.4.6/005_20230321_FAME3_NAA10_Ilaria/dna_r9.4.1_450bps_sup/fastq/F2_PM501_D_95192_2x0_75.fastq.gz
F2-PM502_blood	F2_PM502_D_95194	005_20230321_FAME3_NAA10_Ilaria	results/ont-guppy_6.4.6/005_20230321_FAME3_NAA10_Ilaria/dna_r9.4.1_450bps_sup/fastq/F2_PM502_D_95194.fastq.gz
F2-PM503_blood	F2_PM503_D_95193	005_20230321_FAME3_NAA10_Ilaria	results/ont-guppy_6.4.6/005_20230321_FAME3_NAA10_Ilaria/dna_r9.4.1_450bps_sup/fastq/F2_PM503_D_95193.fastq.gz
F2-PM504_blood	F2_PM504_D_95196_2x0_75	005_20230321_FAME3_NAA10_Ilaria	results/ont-guppy_6.4.6/005_20230321_FAME3_NAA10_Ilaria/dna_r9.4.1_450bps_sup/fastq/F2_PM504_D_95196_2x0_75.fastq.gz
F3-PM445_blood	F3_PM445_D_95197	005_20230321_FAME3_NAA10_Ilaria	results/ont-guppy_6.4.6/005_20230321_FAME3_NAA10_Ilaria/dna_r9.4.1_450bps_sup/fastq/F3_PM445_D_95197.fastq.gz
F3-PM478_blood	F3_PM478_D_95198	005_20230321_FAME3_NAA10_Ilaria	results/ont-guppy_6.4.6/005_20230321_FAME3_NAA10_Ilaria/dna_r9.4.1_450bps_sup/fastq/F3_PM478_D_95198.fastq.gz
F4-PM508_blood	F4_PM508_D_95201	005_20230321_FAME3_NAA10_Ilaria	results/ont-guppy_6.4.6/005_20230321_FAME3_NAA10_Ilaria/dna_r9.4.1_450bps_sup/fastq/F4_PM508_D_95201.fastq.gz
F4-PM510_blood	F4_PM510_D_95199	005_20230321_FAME3_NAA10_Ilaria	results/ont-guppy_6.4.6/005_20230321_FAME3_NAA10_Ilaria/dna_r9.4.1_450bps_sup/fastq/F4_PM510_D_95199.fastq.gz
F4-PM514_blood	F4_PM514_D_95202	005_20230321_FAME3_NAA10_Ilaria	results/ont-guppy_6.4.6/005_20230321_FAME3_NAA10_Ilaria/dna_r9.4.1_450bps_sup/fastq/F4_PM514_D_95202.fastq.gz
F4-PM515_blood	F4_PM515_D_95203	005_20230321_FAME3_NAA10_Ilaria	results/ont-guppy_6.4.6/005_20230321_FAME3_NAA10_Ilaria/dna_r9.4.1_450bps_sup/fastq/F4_PM515_D_95203.fastq.gz
F4-PM516_blood	F4_PM516_D_95204	005_20230321_FAME3_NAA10_Ilaria	results/ont-guppy_6.4.6/005_20230321_FAME3_NAA10_Ilaria/dna_r9.4.1_450bps_sup/fastq/F4_PM516_D_95204.fastq.gz
F5-PM517_blood	F5_PM517_D_95206	005_20230321_FAME3_NAA10_Ilaria	results/ont-guppy_6.4.6/005_20230321_FAME3_NAA10_Ilaria/dna_r9.4.1_450bps_sup/fastq/F5_PM517_D_95206.fastq.gz
F5-PM518_blood	F5_PM518_D_95205_2x0_75	005_20230321_FAME3_NAA10_Ilaria	results/ont-guppy_6.4.6/005_20230321_FAME3_NAA10_Ilaria/dna_r9.4.1_450bps_sup/fastq/F5_PM518_D_95205_2x0_75.fastq.gz
F5-PM520_blood	F5_PM520_D_95207_2x0_75	005_20230321_FAME3_NAA10_Ilaria	results/ont-guppy_6.4.6/005_20230321_FAME3_NAA10_Ilaria/dna_r9.4.1_450bps_sup/fastq/F5_PM520_D_95207_2x0_75.fastq.gz
2-IV-2_blood	LEC019_B_74957	005_20230321_FAME3_NAA10_Ilaria	results/ont-guppy_6.4.6/005_20230321_FAME3_NAA10_Ilaria/dna_r9.4.1_450bps_sup/fastq/LEC019_B_74957.fastq.gz
2-V-22_blood	LEC035_B_74980	005_20230321_FAME3_NAA10_Ilaria	results/ont-guppy_6.4.6/005_20230321_FAME3_NAA10_Ilaria/dna_r9.4.1_450bps_sup/fastq/LEC035_B_74980.fastq.gz
6-III-7_blood	MDGS053_D_95257	005_20230321_FAME3_NAA10_Ilaria	results/ont-guppy_6.4.6/005_20230321_FAME3_NAA10_Ilaria/dna_r9.4.1_450bps_sup/fastq/MDGS053_D_95257.fastq.gz
5-IV-6_blood	MUH001_B_92504	005_20230321_FAME3_NAA10_Ilaria	results/ont-guppy_6.4.6/005_20230321_FAME3_NAA10_Ilaria/dna_r9.4.1_450bps_sup/fastq/MUH001_B_92504.fastq.gz
	NAA10_1_75006	005_20230321_FAME3_NAA10_Ilaria	results/ont-guppy_6.4.6/005_20230321_FAME3_NAA10_Ilaria/dna_r9.4.1_450bps_sup/fastq/NAA10_1_75006.fastq.gz
	NAA10_1_75021	005_20230321_FAME3_NAA10_Ilaria	results/ont-guppy_6.4.6/005_20230321_FAME3_NAA10_Ilaria/dna_r9.4.1_450bps_sup/fastq/NAA10_1_75021.fastq.gz
	NAA10_1_93785	005_20230321_FAME3_NAA10_Ilaria	results/ont-guppy_6.4.6/005_20230321_FAME3_NAA10_Ilaria/dna_r9.4.1_450bps_sup/fastq/NAA10_1_93785.fastq.gz
	NAA10_1_fet_brain	005_20230321_FAME3_NAA10_Ilaria	results/ont-guppy_6.4.6/005_20230321_FAME3_NAA10_Ilaria/dna_r9.4.1_450bps_sup/fastq/NAA10_1_fet_brain.fastq.gz
	NAA10_2_75006	005_20230321_FAME3_NAA10_Ilaria	results/ont-guppy_6.4.6/005_20230321_FAME3_NAA10_Ilaria/dna_r9.4.1_450bps_sup/fastq/NAA10_2_75006.fastq.gz
	NAA10_2_75021	005_20230321_FAME3_NAA10_Ilaria	results/ont-guppy_6.4.6/005_20230321_FAME3_NAA10_Ilaria/dna_r9.4.1_450bps_sup/fastq/NAA10_2_75021.fastq.gz
	NAA10_2_93785	005_20230321_FAME3_NAA10_Ilaria	results/ont-guppy_6.4.6/005_20230321_FAME3_NAA10_Ilaria/dna_r9.4.1_450bps_sup/fastq/NAA10_2_93785.fastq.gz
	NAA10_2_fet_brain	005_20230321_FAME3_NAA10_Ilaria	results/ont-guppy_6.4.6/005_20230321_FAME3_NAA10_Ilaria/dna_r9.4.1_450bps_sup/fastq/NAA10_2_fet_brain.fastq.gz
	NIPBL_M94947	005_20230321_FAME3_NAA10_Ilaria	results/ont-guppy_6.4.6/005_20230321_FAME3_NAA10_Ilaria/dna_r9.4.1_450bps_sup/fastq/NIPBL_M94947.fastq.gz
	NIPBL_ctrl	005_20230321_FAME3_NAA10_Ilaria	results/ont-guppy_6.4.6/005_20230321_FAME3_NAA10_Ilaria/dna_r9.4.1_450bps_sup/fastq/NIPBL_ctrl.fastq.gz
1-III-3_blood	PAD17_B_77030	005_20230321_FAME3_NAA10_Ilaria	results/ont-guppy_6.4.6/005_20230321_FAME3_NAA10_Ilaria/dna_r9.4.1_450bps_sup/fastq/PAD17_B_77030.fastq.gz
1-III-10_blood	PAY002_B_77507	005_20230321_FAME3_NAA10_Ilaria	results/ont-guppy_6.4.6/005_20230321_FAME3_NAA10_Ilaria/dna_r9.4.1_450bps_sup/fastq/PAY002_B_77507.fastq.gz
1-IV-6_blood	PAY004_B_92467	005_20230321_FAME3_NAA10_Ilaria	results/ont-guppy_6.4.6/005_20230321_FAME3_NAA10_Ilaria/dna_r9.4.1_450bps_sup/fastq/PAY004_B_92467.fastq.gz
1-IV-8_blood	PAY005_B_92468	005_20230321_FAME3_NAA10_Ilaria	results/ont-guppy_6.4.6/005_20230321_FAME3_NAA10_Ilaria/dna_r9.4.1_450bps_sup/fastq/PAY005_B_92468.fastq.gz
1-III-16_blood	PAY011_B_77514	005_20230321_FAME3_NAA10_Ilaria	results/ont-guppy_6.4.6/005_20230321_FAME3_NAA10_Ilaria/dna_r9.4.1_450bps_sup/fastq/PAY011_B_77514.fastq.gz
1-V-6_blood	PAY023_B_77525	005_20230321_FAME3_NAA10_Ilaria	results/ont-guppy_6.4.6/005_20230321_FAME3_NAA10_Ilaria/dna_r9.4.1_450bps_sup/fastq/PAY023_B_77525.fastq.gz
1-III-31_blood	PAY024_B_77527	005_20230321_FAME3_NAA10_Ilaria	results/ont-guppy_6.4.6/005_20230321_FAME3_NAA10_Ilaria/dna_r9.4.1_450bps_sup/fastq/PAY024_B_77527.fastq.gz
1-III-23_blood	PAY028_B_77531	005_20230321_FAME3_NAA10_Ilaria	results/ont-guppy_6.4.6/005_20230321_FAME3_NAA10_Ilaria/dna_r9.4.1_450bps_sup/fastq/PAY028_B_77531.fastq.gz
1-III-20_blood	PAY031_B_77534	005_20230321_FAME3_NAA10_Ilaria	results/ont-guppy_6.4.6/005_20230321_FAME3_NAA10_Ilaria/dna_r9.4.1_450bps_sup/fastq/PAY031_B_77534.fastq.gz
1-III-28_blood	PAY034_B_77537	005_20230321_FAME3_NAA10_Ilaria	results/ont-guppy_6.4.6/005_20230321_FAME3_NAA10_Ilaria/dna_r9.4.1_450bps_sup/fastq/PAY034_B_77537.fastq.gz
1-III-22_blood	PAY037_B_77540	005_20230321_FAME3_NAA10_Ilaria	results/ont-guppy_6.4.6/005_20230321_FAME3_NAA10_Ilaria/dna_r9.4.1_450bps_sup/fastq/PAY037_B_77540.fastq.gz
1-IV-21_blood	PAY039_B_77542	005_20230321_FAME3_NAA10_Ilaria	results/ont-guppy_6.4.6/005_20230321_FAME3_NAA10_Ilaria/dna_r9.4.1_450bps_sup/fastq/PAY039_B_77542.fastq.gz
3-III-10_brain	VA33_214_Cereb_87354	005_20230321_FAME3_NAA10_Ilaria	results/ont-guppy_6.4.6/005_20230321_FAME3_NAA10_Ilaria/dna_r9.4.1_450bps_sup/fastq/VA33_214_Cereb_87354.fastq.gz
BAFME1-PM439_blood	BAFME1_PM439_D_95184	006_20230322_FAME3_NAA10_Ilaria	results/ont-guppy_6.4.6/006_20230322_FAME3_NAA10_Ilaria/dna_r9.4.1_450bps_sup/fastq/BAFME1_PM439_D_95184.fastq.gz
CAT-Y90_blood	CAT_Y90_D_95208	006_20230322_FAME3_NAA10_Ilaria	results/ont-guppy_6.4.6/006_20230322_FAME3_NAA10_Ilaria/dna_r9.4.1_450bps_sup/fastq/CAT_Y90_D_95208.fastq.gz
CAT-Y91_blood	CAT_Y91_D_95209	006_20230322_FAME3_NAA10_Ilaria	results/ont-guppy_6.4.6/006_20230322_FAME3_NAA10_Ilaria/dna_r9.4.1_450bps_sup/fastq/CAT_Y91_D_95209.fastq.gz
	CDK16_M92191	006_20230322_FAME3_NAA10_Ilaria	results/ont-guppy_6.4.6/006_20230322_FAME3_NAA10_Ilaria/dna_r9.4.1_450bps_sup/fastq/CDK16_M92191.fastq.gz
	CDK16_ctrl	006_20230322_FAME3_NAA10_Ilaria	results/ont-guppy_6.4.6/006_20230322_FAME3_NAA10_Ilaria/dna_r9.4.1_450bps_sup/fastq/CDK16_ctrl.fastq.gz
EIG-PM443_blood	EIG_PM443_D_95172	006_20230322_FAME3_NAA10_Ilaria	results/ont-guppy_6.4.6/006_20230322_FAME3_NAA10_Ilaria/dna_r9.4.1_450bps_sup/fastq/EIG_PM443_D_95172.fastq.gz
EIG-PM444_blood	EIG_PM444_D_95176_1x1_5	006_20230322_FAME3_NAA10_Ilaria	results/ont-guppy_6.4.6/006_20230322_FAME3_NAA10_Ilaria/dna_r9.4.1_450bps_sup/fastq/EIG_PM444_D_95176_1x1_5.fastq.gz
EIG-PM444_blood	EIG_PM444_D_95176_2x0_75	006_20230322_FAME3_NAA10_Ilaria	results/ont-guppy_6.4.6/006_20230322_FAME3_NAA10_Ilaria/dna_r9.4.1_450bps_sup/fastq/EIG_PM444_D_95176_2x0_75.fastq.gz
EIG-PM461_blood	EIG_PM461_D_95173_1x1_5	006_20230322_FAME3_NAA10_Ilaria	results/ont-guppy_6.4.6/006_20230322_FAME3_NAA10_Ilaria/dna_r9.4.1_450bps_sup/fastq/EIG_PM461_D_95173_1x1_5.fastq.gz
EIG-PM461_blood	EIG_PM461_D_95173_2x0_75	006_20230322_FAME3_NAA10_Ilaria	results/ont-guppy_6.4.6/006_20230322_FAME3_NAA10_Ilaria/dna_r9.4.1_450bps_sup/fastq/EIG_PM461_D_95173_2x0_75.fastq.gz
EIG-PM463_blood	EIG_PM463_D_95174_1x1_5	006_20230322_FAME3_NAA10_Ilaria	results/ont-guppy_6.4.6/006_20230322_FAME3_NAA10_Ilaria/dna_r9.4.1_450bps_sup/fastq/EIG_PM463_D_95174_1x1_5.fastq.gz
EIG-PM463_blood	EIG_PM463_D_95174_2x0_75	006_20230322_FAME3_NAA10_Ilaria	results/ont-guppy_6.4.6/006_20230322_FAME3_NAA10_Ilaria/dna_r9.4.1_450bps_sup/fastq/EIG_PM463_D_95174_2x0_75.fastq.gz
EIG-PM467_blood	EIG_PM467_D_95180_1x1_5	006_20230322_FAME3_NAA10_Ilaria	results/ont-guppy_6.4.6/006_20230322_FAME3_NAA10_Ilaria/dna_r9.4.1_450bps_sup/fastq/EIG_PM467_D_95180_1x1_5.fastq.gz
EIG-PM467_blood	EIG_PM467_D_95180_2x0_75	006_20230322_FAME3_NAA10_Ilaria	results/ont-guppy_6.4.6/006_20230322_FAME3_NAA10_Ilaria/dna_r9.4.1_450bps_sup/fastq/EIG_PM467_D_95180_2x0_75.fastq.gz
EIG-PM469_blood	EIG_PM469_D_95181_1x1_5	006_20230322_FAME3_NAA10_Ilaria	results/ont-guppy_6.4.6/006_20230322_FAME3_NAA10_Ilaria/dna_r9.4.1_450bps_sup/fastq/EIG_PM469_D_95181_1x1_5.fastq.gz
EIG-PM469_blood	EIG_PM469_D_95181_2x0_75	006_20230322_FAME3_NAA10_Ilaria	results/ont-guppy_6.4.6/006_20230322_FAME3_NAA10_Ilaria/dna_r9.4.1_450bps_sup/fastq/EIG_PM469_D_95181_2x0_75.fastq.gz
EIG-PM470_blood	EIG_PM470_D_95182_2x0_75	006_20230322_FAME3_NAA10_Ilaria	results/ont-guppy_6.4.6/006_20230322_FAME3_NAA10_Ilaria/dna_r9.4.1_450bps_sup/fastq/EIG_PM470_D_95182_2x0_75.fastq.gz
EIG-PM471_blood	EIG_PM471_D_95183_1x1_5	006_20230322_FAME3_NAA10_Ilaria	results/ont-guppy_6.4.6/006_20230322_FAME3_NAA10_Ilaria/dna_r9.4.1_450bps_sup/fastq/EIG_PM471_D_95183_1x1_5.fastq.gz
EIG-PM471_blood	EIG_PM471_D_95183_1x2_5	006_20230322_FAME3_NAA10_Ilaria	results/ont-guppy_6.4.6/006_20230322_FAME3_NAA10_Ilaria/dna_r9.4.1_450bps_sup/fastq/EIG_PM471_D_95183_1x2_5.fastq.gz
EIG-PM471_blood	EIG_PM471_D_95183_2x0_75	006_20230322_FAME3_NAA10_Ilaria	results/ont-guppy_6.4.6/006_20230322_FAME3_NAA10_Ilaria/dna_r9.4.1_450bps_sup/fastq/EIG_PM471_D_95183_2x0_75.fastq.gz
EIG-PM474_blood	EIG_PM474_D_95178_1x1_5	006_20230322_FAME3_NAA10_Ilaria	results/ont-guppy_6.4.6/006_20230322_FAME3_NAA10_Ilaria/dna_r9.4.1_450bps_sup/fastq/EIG_PM474_D_95178_1x1_5.fastq.gz
EIG-PM474_blood	EIG_PM474_D_95178_2x0_75	006_20230322_FAME3_NAA10_Ilaria	results/ont-guppy_6.4.6/006_20230322_FAME3_NAA10_Ilaria/dna_r9.4.1_450bps_sup/fastq/EIG_PM474_D_95178_2x0_75.fastq.gz
EIG-PM475_blood	EIG_PM475_D_95179_1x1_5	006_20230322_FAME3_NAA10_Ilaria	results/ont-guppy_6.4.6/006_20230322_FAME3_NAA10_Ilaria/dna_r9.4.1_450bps_sup/fastq/EIG_PM475_D_95179_1x1_5.fastq.gz
EIG-PM475_blood	EIG_PM475_D_95179_2x0_75	006_20230322_FAME3_NAA10_Ilaria	results/ont-guppy_6.4.6/006_20230322_FAME3_NAA10_Ilaria/dna_r9.4.1_450bps_sup/fastq/EIG_PM475_D_95179_2x0_75.fastq.gz
EIG-PM560_blood	EIG_PM560_D_95177_2x0_75	006_20230322_FAME3_NAA10_Ilaria	results/ont-guppy_6.4.6/006_20230322_FAME3_NAA10_Ilaria/dna_r9.4.1_450bps_sup/fastq/EIG_PM560_D_95177_2x0_75.fastq.gz
F1-PM440_blood	F1_PM440_D_95185	006_20230322_FAME3_NAA10_Ilaria	results/ont-guppy_6.4.6/006_20230322_FAME3_NAA10_Ilaria/dna_r9.4.1_450bps_sup/fastq/F1_PM440_D_95185.fastq.gz
F1-PM442_blood	F1_PM442_D_95186	006_20230322_FAME3_NAA10_Ilaria	results/ont-guppy_6.4.6/006_20230322_FAME3_NAA10_Ilaria/dna_r9.4.1_450bps_sup/fastq/F1_PM442_D_95186.fastq.gz
F1-PM456_blood	F1_PM456_D_95187	006_20230322_FAME3_NAA10_Ilaria	results/ont-guppy_6.4.6/006_20230322_FAME3_NAA10_Ilaria/dna_r9.4.1_450bps_sup/fastq/F1_PM456_D_95187.fastq.gz
F1-PM458_blood	F1_PM458_D_95188_2x0_75	006_20230322_FAME3_NAA10_Ilaria	results/ont-guppy_6.4.6/006_20230322_FAME3_NAA10_Ilaria/dna_r9.4.1_450bps_sup/fastq/F1_PM458_D_95188_2x0_75.fastq.gz
F2-PM496_blood	F2_PM496_D_95195	006_20230322_FAME3_NAA10_Ilaria	results/ont-guppy_6.4.6/006_20230322_FAME3_NAA10_Ilaria/dna_r9.4.1_450bps_sup/fastq/F2_PM496_D_95195.fastq.gz
F2-PM497_blood	F2_PM497_D_95189_1x1_5	006_20230322_FAME3_NAA10_Ilaria	results/ont-guppy_6.4.6/006_20230322_FAME3_NAA10_Ilaria/dna_r9.4.1_450bps_sup/fastq/F2_PM497_D_95189_1x1_5.fastq.gz
F2-PM497_blood	F2_PM497_D_95189_2x0_75	006_20230322_FAME3_NAA10_Ilaria	results/ont-guppy_6.4.6/006_20230322_FAME3_NAA10_Ilaria/dna_r9.4.1_450bps_sup/fastq/F2_PM497_D_95189_2x0_75.fastq.gz
F2-PM499_blood	F2_PM499_D_95190	006_20230322_FAME3_NAA10_Ilaria	results/ont-guppy_6.4.6/006_20230322_FAME3_NAA10_Ilaria/dna_r9.4.1_450bps_sup/fastq/F2_PM499_D_95190.fastq.gz
F2-PM500_blood	F2_PM500_D_95191_1x1_5	006_20230322_FAME3_NAA10_Ilaria	results/ont-guppy_6.4.6/006_20230322_FAME3_NAA10_Ilaria/dna_r9.4.1_450bps_sup/fastq/F2_PM500_D_95191_1x1_5.fastq.gz
F2-PM500_blood	F2_PM500_D_95191_1x2_5	006_20230322_FAME3_NAA10_Ilaria	results/ont-guppy_6.4.6/006_20230322_FAME3_NAA10_Ilaria/dna_r9.4.1_450bps_sup/fastq/F2_PM500_D_95191_1x2_5.fastq.gz
F2-PM500_blood	F2_PM500_D_95191_2x0_75	006_20230322_FAME3_NAA10_Ilaria	results/ont-guppy_6.4.6/006_20230322_FAME3_NAA10_Ilaria/dna_r9.4.1_450bps_sup/fastq/F2_PM500_D_95191_2x0_75.fastq.gz
F2-PM501_blood	F2_PM501_D_95192_2x0_75	006_20230322_FAME3_NAA10_Ilaria	results/ont-guppy_6.4.6/006_20230322_FAME3_NAA10_Ilaria/dna_r9.4.1_450bps_sup/fastq/F2_PM501_D_95192_2x0_75.fastq.gz
F2-PM502_blood	F2_PM502_D_95194	006_20230322_FAME3_NAA10_Ilaria	results/ont-guppy_6.4.6/006_20230322_FAME3_NAA10_Ilaria/dna_r9.4.1_450bps_sup/fastq/F2_PM502_D_95194.fastq.gz
F2-PM503_blood	F2_PM503_D_95193	006_20230322_FAME3_NAA10_Ilaria	results/ont-guppy_6.4.6/006_20230322_FAME3_NAA10_Ilaria/dna_r9.4.1_450bps_sup/fastq/F2_PM503_D_95193.fastq.gz
F2-PM504_blood	F2_PM504_D_95196_2x0_75	006_20230322_FAME3_NAA10_Ilaria	results/ont-guppy_6.4.6/006_20230322_FAME3_NAA10_Ilaria/dna_r9.4.1_450bps_sup/fastq/F2_PM504_D_95196_2x0_75.fastq.gz
F3-PM445_blood	F3_PM445_D_95197	006_20230322_FAME3_NAA10_Ilaria	results/ont-guppy_6.4.6/006_20230322_FAME3_NAA10_Ilaria/dna_r9.4.1_450bps_sup/fastq/F3_PM445_D_95197.fastq.gz
F3-PM478_blood	F3_PM478_D_95198	006_20230322_FAME3_NAA10_Ilaria	results/ont-guppy_6.4.6/006_20230322_FAME3_NAA10_Ilaria/dna_r9.4.1_450bps_sup/fastq/F3_PM478_D_95198.fastq.gz
F4-PM508_blood	F4_PM508_D_95201	006_20230322_FAME3_NAA10_Ilaria	results/ont-guppy_6.4.6/006_20230322_FAME3_NAA10_Ilaria/dna_r9.4.1_450bps_sup/fastq/F4_PM508_D_95201.fastq.gz
F4-PM510_blood	F4_PM510_D_95199	006_20230322_FAME3_NAA10_Ilaria	results/ont-guppy_6.4.6/006_20230322_FAME3_NAA10_Ilaria/dna_r9.4.1_450bps_sup/fastq/F4_PM510_D_95199.fastq.gz
F4-PM514_blood	F4_PM514_D_95202	006_20230322_FAME3_NAA10_Ilaria	results/ont-guppy_6.4.6/006_20230322_FAME3_NAA10_Ilaria/dna_r9.4.1_450bps_sup/fastq/F4_PM514_D_95202.fastq.gz
F4-PM515_blood	F4_PM515_D_95203	006_20230322_FAME3_NAA10_Ilaria	results/ont-guppy_6.4.6/006_20230322_FAME3_NAA10_Ilaria/dna_r9.4.1_450bps_sup/fastq/F4_PM515_D_95203.fastq.gz
F4-PM516_blood	F4_PM516_D_95204	006_20230322_FAME3_NAA10_Ilaria	results/ont-guppy_6.4.6/006_20230322_FAME3_NAA10_Ilaria/dna_r9.4.1_450bps_sup/fastq/F4_PM516_D_95204.fastq.gz
F5-PM517_blood	F5_PM517_D_95206	006_20230322_FAME3_NAA10_Ilaria	results/ont-guppy_6.4.6/006_20230322_FAME3_NAA10_Ilaria/dna_r9.4.1_450bps_sup/fastq/F5_PM517_D_95206.fastq.gz
F5-PM518_blood	F5_PM518_D_95205_2x0_75	006_20230322_FAME3_NAA10_Ilaria	results/ont-guppy_6.4.6/006_20230322_FAME3_NAA10_Ilaria/dna_r9.4.1_450bps_sup/fastq/F5_PM518_D_95205_2x0_75.fastq.gz
F5-PM520_blood	F5_PM520_D_95207_2x0_75	006_20230322_FAME3_NAA10_Ilaria	results/ont-guppy_6.4.6/006_20230322_FAME3_NAA10_Ilaria/dna_r9.4.1_450bps_sup/fastq/F5_PM520_D_95207_2x0_75.fastq.gz
2-IV-2_blood	LEC019_B_74957	006_20230322_FAME3_NAA10_Ilaria	results/ont-guppy_6.4.6/006_20230322_FAME3_NAA10_Ilaria/dna_r9.4.1_450bps_sup/fastq/LEC019_B_74957.fastq.gz
2-V-22_blood	LEC035_B_74980	006_20230322_FAME3_NAA10_Ilaria	results/ont-guppy_6.4.6/006_20230322_FAME3_NAA10_Ilaria/dna_r9.4.1_450bps_sup/fastq/LEC035_B_74980.fastq.gz
6-III-7_blood	MDGS053_D_95257	006_20230322_FAME3_NAA10_Ilaria	results/ont-guppy_6.4.6/006_20230322_FAME3_NAA10_Ilaria/dna_r9.4.1_450bps_sup/fastq/MDGS053_D_95257.fastq.gz
5-IV-6_blood	MUH001_B_92504	006_20230322_FAME3_NAA10_Ilaria	results/ont-guppy_6.4.6/006_20230322_FAME3_NAA10_Ilaria/dna_r9.4.1_450bps_sup/fastq/MUH001_B_92504.fastq.gz
	NAA10_1_75006	006_20230322_FAME3_NAA10_Ilaria	results/ont-guppy_6.4.6/006_20230322_FAME3_NAA10_Ilaria/dna_r9.4.1_450bps_sup/fastq/NAA10_1_75006.fastq.gz
	NAA10_1_75021	006_20230322_FAME3_NAA10_Ilaria	results/ont-guppy_6.4.6/006_20230322_FAME3_NAA10_Ilaria/dna_r9.4.1_450bps_sup/fastq/NAA10_1_75021.fastq.gz
	NAA10_1_93785	006_20230322_FAME3_NAA10_Ilaria	results/ont-guppy_6.4.6/006_20230322_FAME3_NAA10_Ilaria/dna_r9.4.1_450bps_sup/fastq/NAA10_1_93785.fastq.gz
	NAA10_1_fet_brain	006_20230322_FAME3_NAA10_Ilaria	results/ont-guppy_6.4.6/006_20230322_FAME3_NAA10_Ilaria/dna_r9.4.1_450bps_sup/fastq/NAA10_1_fet_brain.fastq.gz
	NAA10_2_75006	006_20230322_FAME3_NAA10_Ilaria	results/ont-guppy_6.4.6/006_20230322_FAME3_NAA10_Ilaria/dna_r9.4.1_450bps_sup/fastq/NAA10_2_75006.fastq.gz
	NAA10_2_75021	006_20230322_FAME3_NAA10_Ilaria	results/ont-guppy_6.4.6/006_20230322_FAME3_NAA10_Ilaria/dna_r9.4.1_450bps_sup/fastq/NAA10_2_75021.fastq.gz
	NAA10_2_93785	006_20230322_FAME3_NAA10_Ilaria	results/ont-guppy_6.4.6/006_20230322_FAME3_NAA10_Ilaria/dna_r9.4.1_450bps_sup/fastq/NAA10_2_93785.fastq.gz
	NAA10_2_fet_brain	006_20230322_FAME3_NAA10_Ilaria	results/ont-guppy_6.4.6/006_20230322_FAME3_NAA10_Ilaria/dna_r9.4.1_450bps_sup/fastq/NAA10_2_fet_brain.fastq.gz
	NIPBL_M94947	006_20230322_FAME3_NAA10_Ilaria	results/ont-guppy_6.4.6/006_20230322_FAME3_NAA10_Ilaria/dna_r9.4.1_450bps_sup/fastq/NIPBL_M94947.fastq.gz
	NIPBL_ctrl	006_20230322_FAME3_NAA10_Ilaria	results/ont-guppy_6.4.6/006_20230322_FAME3_NAA10_Ilaria/dna_r9.4.1_450bps_sup/fastq/NIPBL_ctrl.fastq.gz
1-III-3_blood	PAD17_B_77030	006_20230322_FAME3_NAA10_Ilaria	results/ont-guppy_6.4.6/006_20230322_FAME3_NAA10_Ilaria/dna_r9.4.1_450bps_sup/fastq/PAD17_B_77030.fastq.gz
1-III-10_blood	PAY002_B_77507	006_20230322_FAME3_NAA10_Ilaria	results/ont-guppy_6.4.6/006_20230322_FAME3_NAA10_Ilaria/dna_r9.4.1_450bps_sup/fastq/PAY002_B_77507.fastq.gz
1-IV-6_blood	PAY004_B_92467	006_20230322_FAME3_NAA10_Ilaria	results/ont-guppy_6.4.6/006_20230322_FAME3_NAA10_Ilaria/dna_r9.4.1_450bps_sup/fastq/PAY004_B_92467.fastq.gz
1-IV-8_blood	PAY005_B_92468	006_20230322_FAME3_NAA10_Ilaria	results/ont-guppy_6.4.6/006_20230322_FAME3_NAA10_Ilaria/dna_r9.4.1_450bps_sup/fastq/PAY005_B_92468.fastq.gz
1-III-16_blood	PAY011_B_77514	006_20230322_FAME3_NAA10_Ilaria	results/ont-guppy_6.4.6/006_20230322_FAME3_NAA10_Ilaria/dna_r9.4.1_450bps_sup/fastq/PAY011_B_77514.fastq.gz
1-V-6_blood	PAY023_B_77525	006_20230322_FAME3_NAA10_Ilaria	results/ont-guppy_6.4.6/006_20230322_FAME3_NAA10_Ilaria/dna_r9.4.1_450bps_sup/fastq/PAY023_B_77525.fastq.gz
1-III-31_blood	PAY024_B_77527	006_20230322_FAME3_NAA10_Ilaria	results/ont-guppy_6.4.6/006_20230322_FAME3_NAA10_Ilaria/dna_r9.4.1_450bps_sup/fastq/PAY024_B_77527.fastq.gz
1-III-23_blood	PAY028_B_77531	006_20230322_FAME3_NAA10_Ilaria	results/ont-guppy_6.4.6/006_20230322_FAME3_NAA10_Ilaria/dna_r9.4.1_450bps_sup/fastq/PAY028_B_77531.fastq.gz
1-III-20_blood	PAY031_B_77534	006_20230322_FAME3_NAA10_Ilaria	results/ont-guppy_6.4.6/006_20230322_FAME3_NAA10_Ilaria/dna_r9.4.1_450bps_sup/fastq/PAY031_B_77534.fastq.gz
1-III-28_blood	PAY034_B_77537	006_20230322_FAME3_NAA10_Ilaria	results/ont-guppy_6.4.6/006_20230322_FAME3_NAA10_Ilaria/dna_r9.4.1_450bps_sup/fastq/PAY034_B_77537.fastq.gz
1-III-22_blood	PAY037_B_77540	006_20230322_FAME3_NAA10_Ilaria	results/ont-guppy_6.4.6/006_20230322_FAME3_NAA10_Ilaria/dna_r9.4.1_450bps_sup/fastq/PAY037_B_77540.fastq.gz
1-IV-21_blood	PAY039_B_77542	006_20230322_FAME3_NAA10_Ilaria	results/ont-guppy_6.4.6/006_20230322_FAME3_NAA10_Ilaria/dna_r9.4.1_450bps_sup/fastq/PAY039_B_77542.fastq.gz
3-III-10_brain	VA33_214_Cereb_87354	006_20230322_FAME3_NAA10_Ilaria	results/ont-guppy_6.4.6/006_20230322_FAME3_NAA10_Ilaria/dna_r9.4.1_450bps_sup/fastq/VA33_214_Cereb_87354.fastq.gz
